Raw Image,Processed Image,MSE,PSNR,SSIM
Untitled 1159.jpg,cleaned_Untitled 1159.jpg,69.2863016,29.72432981,0.979946814
Untitled 1162.jpg,cleaned_Untitled 1162.jpg,74.62660229,29.40186692,0.978159243
Untitled 1163.jpg,cleaned_Untitled 1163.jpg,68.09244248,29.79981448,0.980643523
Untitled 1165.jpg,cleaned_Untitled 1165.jpg,73.14303955,29.48907357,0.979223454
Untitled 1168.jpg,cleaned_Untitled 1168.jpg,89.14597936,28.629786,0.976636106
Untitled 1169.jpg,cleaned_Untitled 1169.jpg,76.7738872,29.27866831,0.979131485
Untitled 1174.jpg,cleaned_Untitled 1174.jpg,74.93307764,29.38406791,0.979339132
Untitled 1176.jpg,cleaned_Untitled 1176.jpg,61.38138655,30.25043666,0.982425252
Untitled 1177.jpg,cleaned_Untitled 1177.jpg,66.33338432,29.91348205,0.982063739
Untitled 1178.jpg,cleaned_Untitled 1178.jpg,68.40292711,29.78005674,0.981035649
Untitled 1179.jpg,cleaned_Untitled 1179.jpg,74.44262275,29.41258695,0.979671597
Untitled 1180.jpg,cleaned_Untitled 1180.jpg,64.69189264,30.02230504,0.980988972
Untitled 1182.jpg,cleaned_Untitled 1182.jpg,64.95184859,30.00488845,0.981805961
Untitled 1183.jpg,cleaned_Untitled 1183.jpg,68.30451992,29.78630918,0.981027022
Untitled 1186.jpg,cleaned_Untitled 1186.jpg,65.81008037,29.9478794,0.982464097
Untitled 1192.jpg,cleaned_Untitled 1192.jpg,67.76367429,29.82083415,0.980670963
Untitled 1197.jpg,cleaned_Untitled 1197.jpg,77.21594542,29.25373368,0.97886703
Untitled 1198.jpg,cleaned_Untitled 1198.jpg,69.54635417,29.70805993,0.980304532
Untitled 1200.jpg,cleaned_Untitled 1200.jpg,70.1233724,29.67217567,0.980310539
Untitled 1201.jpg,cleaned_Untitled 1201.jpg,61.86762756,30.21616898,0.982170933
Untitled 1202.jpg,cleaned_Untitled 1202.jpg,53.94914426,30.81095801,0.985596035
Untitled 1203.jpg,cleaned_Untitled 1203.jpg,70.62526528,29.64120269,0.979877766
Untitled 1209.jpg,cleaned_Untitled 1209.jpg,68.33647902,29.78427762,0.981505344
Untitled 1211.jpg,cleaned_Untitled 1211.jpg,64.85761901,30.0111936,0.982574659
Untitled 1220.jpg,cleaned_Untitled 1220.jpg,29.43132865,33.44270492,0.989982289
Untitled 1222.jpg,cleaned_Untitled 1222.jpg,64.5116564,30.03442168,0.982380806
Untitled 1223.jpg,cleaned_Untitled 1223.jpg,60.55869549,30.30903849,0.982988968
Untitled 1224.jpg,cleaned_Untitled 1224.jpg,51.78597496,30.98868204,0.986035278
Untitled 1225.jpg,cleaned_Untitled 1225.jpg,75.66332104,29.34194961,0.978689733
Untitled 1227.jpg,cleaned_Untitled 1227.jpg,69.7380975,29.69610266,0.980739284
Untitled 1230.jpg,cleaned_Untitled 1230.jpg,63.10196342,30.13037488,0.982205086
Untitled 1245.jpg,cleaned_Untitled 1245.jpg,76.81615661,29.27627787,0.977351458
Untitled 1249.jpg,cleaned_Untitled 1249.jpg,77.20554053,29.25431893,0.977313268
Untitled 1252.jpg,cleaned_Untitled 1252.jpg,77.32115474,29.2478203,0.976893053
Untitled 1253.jpg,cleaned_Untitled 1253.jpg,80.16218626,29.09110808,0.977830859
Untitled 1254.jpg,cleaned_Untitled 1254.jpg,78.87711054,29.16129368,0.977366009
Untitled 1260.jpg,cleaned_Untitled 1260.jpg,97.12345413,28.25756241,0.967281282
Untitled 1267.jpg,cleaned_Untitled 1267.jpg,78.7928503,29.1659355,0.978505694
Untitled 1271.jpg,cleaned_Untitled 1271.jpg,78.65049062,29.17378925,0.977145535
Untitled 1272.jpg,cleaned_Untitled 1272.jpg,78.10625045,29.20394571,0.976898783
Untitled 1273.jpg,cleaned_Untitled 1273.jpg,86.05078839,28.78325507,0.976325059
Untitled 1275.jpg,cleaned_Untitled 1275.jpg,87.12022654,28.72961365,0.975672297
Untitled 1283.jpg,cleaned_Untitled 1283.jpg,80.25073085,29.08631365,0.977756677
Untitled 1284.jpg,cleaned_Untitled 1284.jpg,77.5870138,29.23291324,0.977345217
Untitled 1285.jpg,cleaned_Untitled 1285.jpg,78.38474988,29.18848784,0.977313974
Untitled 1286.jpg,cleaned_Untitled 1286.jpg,78.55549668,29.17903782,0.97724837
Untitled 1289.jpg,cleaned_Untitled 1289.jpg,84.1989264,28.87773807,0.97647736
Untitled 1290.jpg,cleaned_Untitled 1290.jpg,84.38959092,28.86791479,0.975620311
Untitled 1291.jpg,cleaned_Untitled 1291.jpg,74.85785601,29.38842976,0.97891896
Untitled 1301.jpg,cleaned_Untitled 1301.jpg,79.48327148,29.12804627,0.97844871
Untitled 1305.jpg,cleaned_Untitled 1305.jpg,82.91038385,28.94471435,0.975868792
Untitled 1307.jpg,cleaned_Untitled 1307.jpg,97.7605403,28.22916768,0.96412991
Untitled 1308.jpg,cleaned_Untitled 1308.jpg,104.9944144,27.91914165,0.960915623
Untitled 4863.jpg,cleaned_Untitled 4863.jpg,75.94647058,29.32572765,0.977410066
Untitled 4864.jpg,cleaned_Untitled 4864.jpg,85.01585894,28.83580414,0.975581604
Untitled 4869.jpg,cleaned_Untitled 4869.jpg,76.50233529,29.29405668,0.977090146
Untitled 4870.jpg,cleaned_Untitled 4870.jpg,80.47202549,29.07435428,0.9776266
Untitled 4871.jpg,cleaned_Untitled 4871.jpg,84.61718998,28.85621762,0.976223748
Untitled 4872.jpg,cleaned_Untitled 4872.jpg,80.29993617,29.08365161,0.977880839
Untitled 4873.jpg,cleaned_Untitled 4873.jpg,86.12752337,28.77938402,0.976236668
Untitled 4875.jpg,cleaned_Untitled 4875.jpg,85.9605037,28.78781409,0.975937416
Untitled 4877.jpg,cleaned_Untitled 4877.jpg,100.3925947,28.11378682,0.971282389
Untitled 4878.jpg,cleaned_Untitled 4878.jpg,88.61314795,28.65582196,0.975660149
Untitled 4879.jpg,cleaned_Untitled 4879.jpg,93.3569363,28.4293377,0.974016745
Untitled 4880.jpg,cleaned_Untitled 4880.jpg,107.8114641,27.80415417,0.968874425
Untitled 4881.jpg,cleaned_Untitled 4881.jpg,79.88422309,29.10619345,0.978000127
Untitled 4882.jpg,cleaned_Untitled 4882.jpg,79.72020969,29.11511928,0.978143714
Untitled 4883.jpg,cleaned_Untitled 4883.jpg,86.88500251,28.74135543,0.975024306
Untitled 4884.jpg,cleaned_Untitled 4884.jpg,93.43509078,28.42570349,0.973617807
Untitled 4886.jpg,cleaned_Untitled 4886.jpg,110.8165604,27.68475695,0.966880699
Untitled 4887.jpg,cleaned_Untitled 4887.jpg,89.68020679,28.6038376,0.97301188
Untitled 4893.jpg,cleaned_Untitled 4893.jpg,77.79503062,29.22128505,0.978227284
Untitled 4894.jpg,cleaned_Untitled 4894.jpg,82.21171102,28.98146674,0.977621938
Untitled 4895.jpg,cleaned_Untitled 4895.jpg,90.67852206,28.55575928,0.975430996
Untitled 4897.jpg,cleaned_Untitled 4897.jpg,111.7865241,27.64690908,0.968729161
Untitled 4899.jpg,cleaned_Untitled 4899.jpg,82.84210183,28.94829252,0.977609417
Untitled 4900.jpg,cleaned_Untitled 4900.jpg,92.58375087,28.46545589,0.974996699
Untitled 4901.jpg,cleaned_Untitled 4901.jpg,110.6007013,27.6932248,0.967442228
Untitled 4902.jpg,cleaned_Untitled 4902.jpg,91.44062769,28.51941162,0.97546732
Untitled 4907.jpg,cleaned_Untitled 4907.jpg,113.4174977,27.584003,0.969152972
Untitled 4909.jpg,cleaned_Untitled 4909.jpg,113.7567151,27.57103318,0.967224922
Untitled 4910.jpg,cleaned_Untitled 4910.jpg,88.95976029,28.63886757,0.973700471
Untitled 4913.jpg,cleaned_Untitled 4913.jpg,95.52043945,28.32984049,0.970558228
Untitled 4914.jpg,cleaned_Untitled 4914.jpg,91.88972307,28.49813418,0.97442114
Untitled 4915.jpg,cleaned_Untitled 4915.jpg,103.0339894,28.00099845,0.970482638
Untitled 4916.jpg,cleaned_Untitled 4916.jpg,98.28732436,28.20582848,0.971190648
Untitled 4922.jpg,cleaned_Untitled 4922.jpg,85.52285001,28.80998196,0.976436526
Untitled 4923.jpg,cleaned_Untitled 4923.jpg,74.87673163,29.38733482,0.97897294
Untitled 4924.jpg,cleaned_Untitled 4924.jpg,100.0384784,28.12913284,0.971539781
Untitled 4925.jpg,cleaned_Untitled 4925.jpg,113.2276081,27.59128028,0.970184842
Untitled 4927.jpg,cleaned_Untitled 4927.jpg,102.6224527,28.01837971,0.971741331
Untitled 4928.jpg,cleaned_Untitled 4928.jpg,78.65234705,29.17368674,0.976654709
Untitled 4929.jpg,cleaned_Untitled 4929.jpg,80.57893428,29.06858842,0.977533695
Untitled 4931.jpg,cleaned_Untitled 4931.jpg,75.09377153,29.37476444,0.978988537
Untitled 4934.jpg,cleaned_Untitled 4934.jpg,79.28029049,29.13915128,0.977183681
Untitled 4935.jpg,cleaned_Untitled 4935.jpg,85.48671212,28.81181747,0.975893921
Untitled 4936.jpg,cleaned_Untitled 4936.jpg,80.33242455,29.08189486,0.977626488
Untitled 4937.jpg,cleaned_Untitled 4937.jpg,79.32745541,29.13656837,0.977026513
Untitled 4943.jpg,cleaned_Untitled 4943.jpg,79.19334211,29.14391689,0.976921424
Untitled 4944.jpg,cleaned_Untitled 4944.jpg,80.01656059,29.09900481,0.977949926
Untitled 4945.jpg,cleaned_Untitled 4945.jpg,78.26864454,29.19492548,0.977568668
Untitled 4946.jpg,cleaned_Untitled 4946.jpg,87.55704789,28.70789251,0.974684985
Untitled 4947.jpg,cleaned_Untitled 4947.jpg,80.44760554,29.07567239,0.977118258
Untitled 4948.jpg,cleaned_Untitled 4948.jpg,80.11184301,29.09383638,0.977476986
Untitled 4952.jpg,cleaned_Untitled 4952.jpg,85.98273357,28.78669113,0.975974862
Untitled 4958.jpg,cleaned_Untitled 4958.jpg,77.4767232,29.23909116,0.97836961
Untitled 4959.jpg,cleaned_Untitled 4959.jpg,75.48561039,29.3521619,0.978738172
Untitled 4960.jpg,cleaned_Untitled 4960.jpg,79.13687915,29.14701441,0.976863568
Untitled 4965.jpg,cleaned_Untitled 4965.jpg,76.64676738,29.28586518,0.979016098
Untitled 4968.jpg,cleaned_Untitled 4968.jpg,82.2545694,28.97920328,0.977091338
Untitled 4969.jpg,cleaned_Untitled 4969.jpg,87.84282467,28.69374068,0.975553124
Untitled 4970.jpg,cleaned_Untitled 4970.jpg,87.20869779,28.72520559,0.975173691
Untitled 4973.jpg,cleaned_Untitled 4973.jpg,85.16289401,28.8282995,0.975485313
Untitled 4974.jpg,cleaned_Untitled 4974.jpg,84.60326056,28.8569326,0.976245717
Untitled 4976.jpg,cleaned_Untitled 4976.jpg,80.28273553,29.08458199,0.977830548
Untitled 4982.jpg,cleaned_Untitled 4982.jpg,95.88255935,28.31340743,0.972849853
Untitled 4983.jpg,cleaned_Untitled 4983.jpg,101.8881683,28.04956606,0.970996926
Untitled 4984.jpg,cleaned_Untitled 4984.jpg,84.1266253,28.88146893,0.977068736
Untitled 4985.jpg,cleaned_Untitled 4985.jpg,85.29259665,28.82169025,0.975847121
Untitled 4987.jpg,cleaned_Untitled 4987.jpg,85.57299383,28.80743635,0.976404689
Untitled 4989.jpg,cleaned_Untitled 4989.jpg,95.13071963,28.34759579,0.972061831
Untitled 4993.jpg,cleaned_Untitled 4993.jpg,86.14871179,28.77831573,0.976036876
Untitled 4999.jpg,cleaned_Untitled 4999.jpg,94.30279402,28.38555801,0.973787444
Untitled 5001.jpg,cleaned_Untitled 5001.jpg,102.5774988,28.02028256,0.968793882
Untitled 5004.jpg,cleaned_Untitled 5004.jpg,90.77786295,28.55100406,0.97487671
Untitled 5016.jpg,cleaned_Untitled 5016.jpg,108.3713077,27.78166047,0.968796855
Untitled 5017.jpg,cleaned_Untitled 5017.jpg,90.12179674,28.58250519,0.973961718
Untitled 5018.jpg,cleaned_Untitled 5018.jpg,89.64053487,28.60575922,0.97453674
Untitled 5022.jpg,cleaned_Untitled 5022.jpg,98.63606939,28.19044603,0.970955683
Untitled 5023.jpg,cleaned_Untitled 5023.jpg,96.7809903,28.27290299,0.972777218
Untitled 5027.jpg,cleaned_Untitled 5027.jpg,85.44890729,28.81373847,0.976685705
Untitled 5028.jpg,cleaned_Untitled 5028.jpg,86.98840793,28.73618978,0.974849939
Untitled 5029.jpg,cleaned_Untitled 5029.jpg,102.8301974,28.00959691,0.970728223
Untitled 5030.jpg,cleaned_Untitled 5030.jpg,81.82049622,29.00218252,0.977581252
Untitled 5031.jpg,cleaned_Untitled 5031.jpg,78.24229831,29.19638762,0.978513211
Untitled 5032.jpg,cleaned_Untitled 5032.jpg,80.6777616,29.06326521,0.977561718
Untitled 5033.jpg,cleaned_Untitled 5033.jpg,80.69130798,29.06253606,0.977875085
Untitled 5035.jpg,cleaned_Untitled 5035.jpg,86.51269622,28.76000514,0.976672057
Untitled 5036.jpg,cleaned_Untitled 5036.jpg,75.01607361,29.37926032,0.978891283
Untitled 5037.jpg,cleaned_Untitled 5037.jpg,80.73863269,29.05998971,0.977449288
Untitled 5038.jpg,cleaned_Untitled 5038.jpg,79.27263952,29.13957042,0.977583882
Untitled 5039.jpg,cleaned_Untitled 5039.jpg,79.94593492,29.10283975,0.978143201
Untitled 5040.jpg,cleaned_Untitled 5040.jpg,74.98262812,29.38119703,0.979118625
Untitled 5042.jpg,cleaned_Untitled 5042.jpg,86.37125576,28.76711127,0.976204512
Untitled 5044.jpg,cleaned_Untitled 5044.jpg,59.17109222,30.40970775,0.977943284
Untitled 5050.jpg,cleaned_Untitled 5050.jpg,92.00127919,28.49286495,0.972314492
Untitled 5053.jpg,cleaned_Untitled 5053.jpg,106.8033399,27.84495527,0.969884217
Untitled 5055.jpg,cleaned_Untitled 5055.jpg,86.88116104,28.74154745,0.976053006
Untitled 5056.jpg,cleaned_Untitled 5056.jpg,86.08087738,28.78173676,0.976188313
Untitled 5057.jpg,cleaned_Untitled 5057.jpg,60.23255994,30.33249039,0.976691868
Untitled 5058.jpg,cleaned_Untitled 5058.jpg,61.96943155,30.20902848,0.97697953
Untitled 5059.jpg,cleaned_Untitled 5059.jpg,64.71208108,30.02094994,0.977123423
Untitled 5061.jpg,cleaned_Untitled 5061.jpg,64.68872303,30.02251783,0.975076679
Untitled 5062.jpg,cleaned_Untitled 5062.jpg,62.31535941,30.18485257,0.978005169
Untitled 5063.jpg,cleaned_Untitled 5063.jpg,62.83923504,30.14849471,0.978567167
Untitled 5064.jpg,cleaned_Untitled 5064.jpg,60.54475344,30.31003846,0.978209902
Untitled 5068.jpg,cleaned_Untitled 5068.jpg,63.6107866,30.09549595,0.977328932
Untitled 5069.jpg,cleaned_Untitled 5069.jpg,64.38272326,30.04311018,0.977183274
Untitled 5070.jpg,cleaned_Untitled 5070.jpg,56.07208505,30.64333655,0.979498517
Untitled 5071.jpg,cleaned_Untitled 5071.jpg,56.78571797,30.5884124,0.978794945
Untitled 5073.jpg,cleaned_Untitled 5073.jpg,55.56257609,30.68297988,0.981314587
Untitled 5074.jpg,cleaned_Untitled 5074.jpg,61.4970286,30.24226229,0.97746924
Untitled 5075.jpg,cleaned_Untitled 5075.jpg,59.85014137,30.3601518,0.97858666
Untitled 5077.jpg,cleaned_Untitled 5077.jpg,80.6370975,29.06545474,0.977430318
Untitled 5078.jpg,cleaned_Untitled 5078.jpg,78.77763871,29.16677402,0.978314542
Untitled 5079.jpg,cleaned_Untitled 5079.jpg,79.91985811,29.10425657,0.977436795
Untitled 5080.jpg,cleaned_Untitled 5080.jpg,79.55342448,29.12421482,0.977386067
Untitled 5081.jpg,cleaned_Untitled 5081.jpg,78.94767262,29.15741029,0.977566135
Untitled 5085.jpg,cleaned_Untitled 5085.jpg,86.5330169,28.75898516,0.976199625
Untitled 5086.jpg,cleaned_Untitled 5086.jpg,83.79700425,28.89851868,0.976178164
Untitled 5087.jpg,cleaned_Untitled 5087.jpg,87.32829738,28.71925368,0.975539134
Untitled 5088.jpg,cleaned_Untitled 5088.jpg,88.7698966,28.64814647,0.975612314
Untitled 5091.jpg,cleaned_Untitled 5091.jpg,78.53928187,29.17993435,0.978319561
Untitled 5092.jpg,cleaned_Untitled 5092.jpg,77.12930788,29.25860927,0.977044968
Untitled 5093.jpg,cleaned_Untitled 5093.jpg,80.78035778,29.05774588,0.97728989
Untitled 5094.jpg,cleaned_Untitled 5094.jpg,80.67480017,29.06342463,0.978321752
Untitled 5095.jpg,cleaned_Untitled 5095.jpg,78.32910362,29.19157204,0.97815039
Untitled 5102.jpg,cleaned_Untitled 5102.jpg,80.86168237,29.05337588,0.977858931
Untitled 5103.jpg,cleaned_Untitled 5103.jpg,86.40437433,28.76544631,0.976200918
Untitled 5107.jpg,cleaned_Untitled 5107.jpg,77.74098337,29.22430331,0.977243574
Untitled 5108.jpg,cleaned_Untitled 5108.jpg,78.63799526,29.17447927,0.977661998
Untitled 5112.jpg,cleaned_Untitled 5112.jpg,86.15594121,28.7779513,0.976173358
Untitled 5115.jpg,cleaned_Untitled 5115.jpg,79.10226377,29.14891448,0.977715898
Untitled 5116.jpg,cleaned_Untitled 5116.jpg,77.91767229,29.21444391,0.97713352
Untitled 5117.jpg,cleaned_Untitled 5117.jpg,77.79728592,29.22115915,0.978355671
Untitled 5118.jpg,cleaned_Untitled 5118.jpg,86.30114797,28.77063788,0.976421518
Untitled 5120.jpg,cleaned_Untitled 5120.jpg,87.36573081,28.71739247,0.975703039
Untitled 5123.jpg,cleaned_Untitled 5123.jpg,84.54047773,28.86015663,0.976196739
Untitled 5126.jpg,cleaned_Untitled 5126.jpg,80.75398112,29.05916419,0.976810377
Untitled 5128.jpg,cleaned_Untitled 5128.jpg,79.3937545,29.13294021,0.977763708
Untitled 5130.jpg,cleaned_Untitled 5130.jpg,74.85578255,29.38855006,0.978940833
Untitled 5131.jpg,cleaned_Untitled 5131.jpg,77.4782995,29.23900281,0.976833125
Untitled 5135.jpg,cleaned_Untitled 5135.jpg,84.19739415,28.8778171,0.975545511
Untitled 5136.jpg,cleaned_Untitled 5136.jpg,86.10214425,28.78066394,0.976438903
Untitled 5140.jpg,cleaned_Untitled 5140.jpg,80.55634035,29.06980633,0.977120564
Untitled 5141.jpg,cleaned_Untitled 5141.jpg,77.83159388,29.21924437,0.977591649
Untitled 5142.jpg,cleaned_Untitled 5142.jpg,78.95317049,29.15710786,0.978252176
Untitled 5143.jpg,cleaned_Untitled 5143.jpg,81.60138437,29.01382834,0.977707843
Untitled 5152.jpg,cleaned_Untitled 5152.jpg,78.46649889,29.18396086,0.977769111
Untitled 5153.jpg,cleaned_Untitled 5153.jpg,81.76926016,29.00490293,0.977404082
Untitled 5154.jpg,cleaned_Untitled 5154.jpg,77.78039157,29.22210236,0.978137801
Untitled 5156.jpg,cleaned_Untitled 5156.jpg,79.82787037,29.10925817,0.977530978
Untitled 5157.jpg,cleaned_Untitled 5157.jpg,77.8615651,29.21757232,0.977928144
Untitled 5158.jpg,cleaned_Untitled 5158.jpg,79.48534551,29.12793294,0.977646127
Untitled 5159.jpg,cleaned_Untitled 5159.jpg,80.59177608,29.06789634,0.97822331
Untitled 5164.jpg,cleaned_Untitled 5164.jpg,84.80996447,28.8463348,0.976647353
Untitled 5166.jpg,cleaned_Untitled 5166.jpg,78.42012448,29.18652834,0.97839993
Untitled 5167.jpg,cleaned_Untitled 5167.jpg,82.65152411,28.95829494,0.975640837
Untitled 5168.jpg,cleaned_Untitled 5168.jpg,76.85365768,29.27415819,0.979180885
Untitled 5170.jpg,cleaned_Untitled 5170.jpg,84.81062473,28.84630099,0.976255639
Untitled 5172.jpg,cleaned_Untitled 5172.jpg,85.28351272,28.82215281,0.976411797
Untitled 5174.jpg,cleaned_Untitled 5174.jpg,77.79150337,29.22148196,0.977836709
Untitled 5175.jpg,cleaned_Untitled 5175.jpg,78.07772374,29.20553217,0.977558669
Untitled 5180.jpg,cleaned_Untitled 5180.jpg,88.87442039,28.64303579,0.975821812
Untitled 5183.jpg,cleaned_Untitled 5183.jpg,83.21957891,28.92854847,0.977503376
Untitled 5189.jpg,cleaned_Untitled 5189.jpg,86.41669903,28.76482688,0.976282113
Untitled 5190.jpg,cleaned_Untitled 5190.jpg,86.364137,28.76746923,0.976195139
Untitled 5192.jpg,cleaned_Untitled 5192.jpg,79.07486219,29.15041917,0.97744692
Untitled 5193.jpg,cleaned_Untitled 5193.jpg,80.50442297,29.07260619,0.977376632
Untitled 5194.jpg,cleaned_Untitled 5194.jpg,80.50942802,29.0723362,0.978303581
Untitled 5198.jpg,cleaned_Untitled 5198.jpg,86.6487936,28.7531784,0.976313753
Untitled 5199.jpg,cleaned_Untitled 5199.jpg,78.21063453,29.19814551,0.977779075
Untitled 5201.jpg,cleaned_Untitled 5201.jpg,84.39309271,28.86773458,0.97692797
Untitled 5203.jpg,cleaned_Untitled 5203.jpg,85.00003333,28.83661265,0.976380518
Untitled 5208.jpg,cleaned_Untitled 5208.jpg,78.24604019,29.19617993,0.976965576
Untitled 5214.jpg,cleaned_Untitled 5214.jpg,85.85782606,28.79300473,0.976740451
Untitled 5215.jpg,cleaned_Untitled 5215.jpg,74.80777706,29.39133611,0.978979876
Untitled 5216.jpg,cleaned_Untitled 5216.jpg,77.8126947,29.22029905,0.977829065
Untitled 5217.jpg,cleaned_Untitled 5217.jpg,79.87712064,29.1065796,0.977628308
Untitled 5221.jpg,cleaned_Untitled 5221.jpg,80.34710333,29.08110137,0.977385467
Untitled 5223.jpg,cleaned_Untitled 5223.jpg,75.53218533,29.34948311,0.978169172
Untitled 5224.jpg,cleaned_Untitled 5224.jpg,75.88759169,29.3290959,0.978773684
Untitled 5225.jpg,cleaned_Untitled 5225.jpg,81.30828299,29.02945571,0.977393708
Untitled 5231.jpg,cleaned_Untitled 5231.jpg,87.96729619,28.68759117,0.974858179
Untitled 5232.jpg,cleaned_Untitled 5232.jpg,80.32607634,29.08223807,0.977540505
Untitled 5233.jpg,cleaned_Untitled 5233.jpg,79.46276468,29.1291669,0.977675522
Untitled 5234.jpg,cleaned_Untitled 5234.jpg,78.6369163,29.17453886,0.977830105
Untitled 5235.jpg,cleaned_Untitled 5235.jpg,77.75793379,29.22335649,0.978298854
Untitled 5236.jpg,cleaned_Untitled 5236.jpg,79.08893753,29.1496462,0.977460258
Untitled 5237.jpg,cleaned_Untitled 5237.jpg,85.82207239,28.79481363,0.975970436
Untitled 5240.jpg,cleaned_Untitled 5240.jpg,87.27062208,28.72212289,0.976265646
Untitled 5242.jpg,cleaned_Untitled 5242.jpg,86.08181604,28.7816894,0.976537464
Untitled 5244.jpg,cleaned_Untitled 5244.jpg,81.34281911,29.02761141,0.977926399
Untitled 5245.jpg,cleaned_Untitled 5245.jpg,86.91731732,28.73974047,0.975077637
Untitled 5247.jpg,cleaned_Untitled 5247.jpg,79.17582723,29.14487751,0.978404264
Untitled 5248.jpg,cleaned_Untitled 5248.jpg,77.21718399,29.25366401,0.978260555
Untitled 5249.jpg,cleaned_Untitled 5249.jpg,77.44955857,29.24061414,0.978250191
Untitled 5250.jpg,cleaned_Untitled 5250.jpg,86.19605268,28.77592983,0.976385493
Untitled 5255.jpg,cleaned_Untitled 5255.jpg,79.60984978,29.12113556,0.976793702
Untitled 5257.jpg,cleaned_Untitled 5257.jpg,85.42188925,28.81511189,0.975282123
Untitled 5258.jpg,cleaned_Untitled 5258.jpg,81.28883001,29.03049488,0.976741786
Untitled 5260.jpg,cleaned_Untitled 5260.jpg,77.5189016,29.23672751,0.979154341
Untitled 5261.jpg,cleaned_Untitled 5261.jpg,83.49680737,28.91410491,0.976485625
Untitled 5263.jpg,cleaned_Untitled 5263.jpg,87.469137,28.71225519,0.975621249
Untitled 5267.jpg,cleaned_Untitled 5267.jpg,77.85355207,29.21801929,0.977619466
Untitled 5268.jpg,cleaned_Untitled 5268.jpg,80.38281933,29.07917126,0.976449545
Untitled 5270.jpg,cleaned_Untitled 5270.jpg,79.08613093,29.14980031,0.97727913
Untitled 5271.jpg,cleaned_Untitled 5271.jpg,79.15340493,29.14610759,0.977810342
Untitled 5272.jpg,cleaned_Untitled 5272.jpg,79.48480419,29.12796252,0.97731285
Untitled 5273.jpg,cleaned_Untitled 5273.jpg,77.64174005,29.22985101,0.97776057
Untitled 5274.jpg,cleaned_Untitled 5274.jpg,80.26603733,29.08548538,0.977578621
Untitled 5279.jpg,cleaned_Untitled 5279.jpg,80.91206221,29.05067091,0.977404834
Untitled 5280.jpg,cleaned_Untitled 5280.jpg,80.62740561,29.06597675,0.977400171
Untitled 5281.jpg,cleaned_Untitled 5281.jpg,78.09051668,29.20482065,0.977196644
Untitled 5282.jpg,cleaned_Untitled 5282.jpg,79.30053758,29.13804229,0.977435625
Untitled 5283.jpg,cleaned_Untitled 5283.jpg,76.90736875,29.27112408,0.978614661
Untitled 5284.jpg,cleaned_Untitled 5284.jpg,80.13424667,29.09262202,0.977373345
Untitled 5285.jpg,cleaned_Untitled 5285.jpg,80.20465495,29.08880786,0.978197294
Untitled 5286.jpg,cleaned_Untitled 5286.jpg,77.83667206,29.21896102,0.977942869
Untitled 5289.jpg,cleaned_Untitled 5289.jpg,83.88605897,28.89390569,0.976923094
Untitled 5290.jpg,cleaned_Untitled 5290.jpg,86.90524901,28.74034353,0.975520864
Untitled 5292.jpg,cleaned_Untitled 5292.jpg,85.86804109,28.79248805,0.976692277
Untitled 5298.jpg,cleaned_Untitled 5298.jpg,85.84339022,28.793735,0.97596118
Untitled 5300.jpg,cleaned_Untitled 5300.jpg,78.43943065,29.18545928,0.976893173
Untitled 5301.jpg,cleaned_Untitled 5301.jpg,77.06940803,29.26198338,0.978420357
Untitled 5304.jpg,cleaned_Untitled 5304.jpg,81.57903092,29.01501819,0.977302802
Untitled 5308.jpg,cleaned_Untitled 5308.jpg,84.51966649,28.86122586,0.97734473
Untitled 5309.jpg,cleaned_Untitled 5309.jpg,85.63923703,28.80407571,0.976915032
Untitled 5311.jpg,cleaned_Untitled 5311.jpg,79.7350829,29.11430911,0.978539782
Untitled 5312.jpg,cleaned_Untitled 5312.jpg,81.28700467,29.0305924,0.978200837
Untitled 5316.jpg,cleaned_Untitled 5316.jpg,85.99081217,28.7862831,0.976617073
Untitled 5318.jpg,cleaned_Untitled 5318.jpg,80.798968,29.05674547,0.97772045
Untitled 5319.jpg,cleaned_Untitled 5319.jpg,79.35055196,29.13530409,0.977621485
Untitled 5320.jpg,cleaned_Untitled 5320.jpg,79.05538622,29.15148896,0.977374586
Untitled 5321.jpg,cleaned_Untitled 5321.jpg,80.32071467,29.08252797,0.978028027
Untitled 5325.jpg,cleaned_Untitled 5325.jpg,80.10317434,29.09430634,0.977194741
Untitled 5326.jpg,cleaned_Untitled 5326.jpg,79.32581198,29.13665835,0.977576313
Untitled 5337.jpg,cleaned_Untitled 5337.jpg,87.23316857,28.72398713,0.974982486
Untitled 5338.jpg,cleaned_Untitled 5338.jpg,86.39343467,28.76599621,0.975358749
Untitled 5341.jpg,cleaned_Untitled 5341.jpg,78.8606642,29.1621993,0.97760308
Untitled 5343.jpg,cleaned_Untitled 5343.jpg,87.96284118,28.68781112,0.97505432
Untitled 5346.jpg,cleaned_Untitled 5346.jpg,77.6339265,29.23028809,0.978955334
Untitled 5347.jpg,cleaned_Untitled 5347.jpg,78.13762023,29.20220181,0.978212265
Untitled 5348.jpg,cleaned_Untitled 5348.jpg,74.75719166,29.39427383,0.979474941
Untitled 5350.jpg,cleaned_Untitled 5350.jpg,84.63695147,28.85520349,0.976310386
Untitled 5351.jpg,cleaned_Untitled 5351.jpg,85.33427554,28.81956855,0.976811814
Untitled 5354.jpg,cleaned_Untitled 5354.jpg,88.16612132,28.67778626,0.975015044
Untitled 5359.jpg,cleaned_Untitled 5359.jpg,77.58364346,29.2331019,0.976868875
Untitled 5363.jpg,cleaned_Untitled 5363.jpg,117.0845333,27.44580832,0.963696992
Untitled 5364.jpg,cleaned_Untitled 5364.jpg,86.58791262,28.75623091,0.976225885
Untitled 5368.jpg,cleaned_Untitled 5368.jpg,77.20966537,29.25408691,0.978902408
Untitled 5370.jpg,cleaned_Untitled 5370.jpg,79.25822477,29.1403602,0.977687468
Untitled 5372.jpg,cleaned_Untitled 5372.jpg,79.05116638,29.15172079,0.977521099
Untitled 5373.jpg,cleaned_Untitled 5373.jpg,79.02769304,29.15301057,0.977436358
Untitled 5374.jpg,cleaned_Untitled 5374.jpg,77.68759152,29.22728703,0.978019545
Untitled 5375.jpg,cleaned_Untitled 5375.jpg,73.66305089,29.45830659,0.979598411
Untitled 5376.jpg,cleaned_Untitled 5376.jpg,80.60506023,29.06718054,0.978090794
Untitled 5377.jpg,cleaned_Untitled 5377.jpg,85.84026964,28.79389288,0.976730824
Untitled 5378.jpg,cleaned_Untitled 5378.jpg,86.565516,28.75735439,0.975670967
Untitled 5382.jpg,cleaned_Untitled 5382.jpg,86.62784583,28.75422846,0.975031724
Untitled 5383.jpg,cleaned_Untitled 5383.jpg,87.37615965,28.71687408,0.975134672
Untitled 5385.jpg,cleaned_Untitled 5385.jpg,85.10262015,28.83137429,0.976284151
Untitled 5389.jpg,cleaned_Untitled 5389.jpg,86.59967629,28.75564092,0.97661028
Untitled 5390.jpg,cleaned_Untitled 5390.jpg,86.76142036,28.74753708,0.976534711
Untitled 5391.jpg,cleaned_Untitled 5391.jpg,87.21514024,28.72488477,0.97600574
Untitled 5392.jpg,cleaned_Untitled 5392.jpg,86.97643663,28.7367875,0.976024145
Untitled 5393.jpg,cleaned_Untitled 5393.jpg,86.46470334,28.76241505,0.976155413
Untitled 5395.jpg,cleaned_Untitled 5395.jpg,82.18187163,28.98304333,0.977607174
Untitled 5398.jpg,cleaned_Untitled 5398.jpg,77.53340463,29.23591506,0.978836717
Untitled 5400.jpg,cleaned_Untitled 5400.jpg,94.61729536,28.37109831,0.977083413
Untitled 5401.jpg,cleaned_Untitled 5401.jpg,84.92644473,28.84037417,0.976953347
Untitled 5403.jpg,cleaned_Untitled 5403.jpg,80.62649649,29.06602572,0.977881928
Untitled 5404.jpg,cleaned_Untitled 5404.jpg,80.38174099,29.07922952,0.977673127
Untitled 5405.jpg,cleaned_Untitled 5405.jpg,79.98116139,29.10092655,0.977961226
Untitled 5406.jpg,cleaned_Untitled 5406.jpg,80.92357695,29.0500529,0.977630863
Untitled 5407.jpg,cleaned_Untitled 5407.jpg,77.82434859,29.21964867,0.978569859
Untitled 5408.jpg,cleaned_Untitled 5408.jpg,99.94490982,28.1331968,0.969402142
Untitled 5409.jpg,cleaned_Untitled 5409.jpg,87.66285239,28.70264763,0.97565539
Untitled 5411.jpg,cleaned_Untitled 5411.jpg,78.33827609,29.19106351,0.978498502
Untitled 5412.jpg,cleaned_Untitled 5412.jpg,86.77782902,28.7467158,0.975589586
Untitled 5415.jpg,cleaned_Untitled 5415.jpg,86.88988701,28.74111128,0.976341533
Untitled 5419.jpg,cleaned_Untitled 5419.jpg,81.73419416,29.00676576,0.978767018
Untitled 5420.jpg,cleaned_Untitled 5420.jpg,78.7999692,29.16554313,0.979063787
Untitled 5423.jpg,cleaned_Untitled 5423.jpg,79.72671468,29.11476493,0.978158163
Untitled 5426.jpg,cleaned_Untitled 5426.jpg,86.71519734,28.74985144,0.975175516
Untitled 5431.jpg,cleaned_Untitled 5431.jpg,79.57628852,29.12296681,0.978556339
Untitled 5436.jpg,cleaned_Untitled 5436.jpg,84.31817175,28.8715918,0.97617044
Untitled 5438.jpg,cleaned_Untitled 5438.jpg,85.68559432,28.80172548,0.975962226
Untitled 5443.jpg,cleaned_Untitled 5443.jpg,78.79316004,29.16591842,0.977437374
Untitled 5444.jpg,cleaned_Untitled 5444.jpg,80.13167491,29.0927614,0.976553554
Untitled 5445.jpg,cleaned_Untitled 5445.jpg,86.64126549,28.75355574,0.975139251
Untitled 5447.jpg,cleaned_Untitled 5447.jpg,77.13322608,29.25838865,0.977429577
Untitled 5448.jpg,cleaned_Untitled 5448.jpg,78.30119868,29.1931195,0.978135132
Untitled 5449.jpg,cleaned_Untitled 5449.jpg,79.55370012,29.12419977,0.976960705
Untitled 5450.jpg,cleaned_Untitled 5450.jpg,77.53976585,29.23555876,0.977103882
Untitled 5451.jpg,cleaned_Untitled 5451.jpg,80.41902463,29.07721559,0.978210157
Untitled 5452.jpg,cleaned_Untitled 5452.jpg,78.34338446,29.19078032,0.976854022
Untitled 5453.jpg,cleaned_Untitled 5453.jpg,78.9278037,29.15850343,0.976828369
Untitled 5454.jpg,cleaned_Untitled 5454.jpg,85.01760155,28.83571512,0.975984982
Untitled 5456.jpg,cleaned_Untitled 5456.jpg,74.54656905,29.40652701,0.979164173
Untitled 5458.jpg,cleaned_Untitled 5458.jpg,86.72405616,28.74940779,0.975194593
Untitled 5460.jpg,cleaned_Untitled 5460.jpg,74.11360537,29.4318242,0.97951278
Untitled 5463.jpg,cleaned_Untitled 5463.jpg,85.81982712,28.79492726,0.975301132
Untitled 5465.jpg,cleaned_Untitled 5465.jpg,78.64831286,29.1739095,0.977038369
Untitled 5466.jpg,cleaned_Untitled 5466.jpg,88.0592521,28.68305368,0.975189663
Untitled 5467.jpg,cleaned_Untitled 5467.jpg,79.66904506,29.11790749,0.977265694
Untitled 5468.jpg,cleaned_Untitled 5468.jpg,75.41487594,29.3562334,0.979156532
Untitled 5474.jpg,cleaned_Untitled 5474.jpg,79.66666488,29.11803724,0.976615838
Untitled 5478.jpg,cleaned_Untitled 5478.jpg,85.6720126,28.80241391,0.97553605
Untitled 5480.jpg,cleaned_Untitled 5480.jpg,78.43315548,29.18580673,0.977396104
Untitled 5481.jpg,cleaned_Untitled 5481.jpg,80.66485707,29.06395992,0.977780866
Untitled 5485.jpg,cleaned_Untitled 5485.jpg,85.4665621,28.81284126,0.975249565
Untitled 5487.jpg,cleaned_Untitled 5487.jpg,78.43882746,29.18549268,0.97716308
Untitled 5488.jpg,cleaned_Untitled 5488.jpg,79.18055466,29.14461821,0.977100492
Untitled 5489.jpg,cleaned_Untitled 5489.jpg,79.11538903,29.14819393,0.977715659
Untitled 5490.jpg,cleaned_Untitled 5490.jpg,78.82774733,29.16401245,0.977468308
Untitled 5491.jpg,cleaned_Untitled 5491.jpg,77.46237105,29.23989575,0.977247005
Untitled 5492.jpg,cleaned_Untitled 5492.jpg,78.60351674,29.17638384,0.977452158
Untitled 5493.jpg,cleaned_Untitled 5493.jpg,78.81595966,29.16466193,0.978127868
Untitled 5496.jpg,cleaned_Untitled 5496.jpg,78.7001115,29.17105013,0.9774871
Untitled 5497.jpg,cleaned_Untitled 5497.jpg,80.1915922,29.08951524,0.97769879
Untitled 5503.jpg,cleaned_Untitled 5503.jpg,76.91025018,29.27096137,0.977088935
Untitled 5504.jpg,cleaned_Untitled 5504.jpg,80.0051911,29.09962194,0.976693162
Untitled 5505.jpg,cleaned_Untitled 5505.jpg,79.48106607,29.12816677,0.977588336
Untitled 5506.jpg,cleaned_Untitled 5506.jpg,80.36217046,29.08028703,0.976837712
Untitled 5507.jpg,cleaned_Untitled 5507.jpg,85.20498514,28.82615356,0.975336921
Untitled 5508.jpg,cleaned_Untitled 5508.jpg,84.60648774,28.85676694,0.975608899
Untitled 5510.jpg,cleaned_Untitled 5510.jpg,86.85244876,28.74298293,0.976315105
Untitled 5511.jpg,cleaned_Untitled 5511.jpg,80.13806109,29.0924153,0.977113558
Untitled 5514.jpg,cleaned_Untitled 5514.jpg,77.49519999,29.23805557,0.977177391
Untitled 5515.jpg,cleaned_Untitled 5515.jpg,79.48027258,29.12821013,0.977176984
Untitled 5518.jpg,cleaned_Untitled 5518.jpg,87.28559095,28.72137804,0.975134712
Untitled 5523.jpg,cleaned_Untitled 5523.jpg,80.21268788,29.08837291,0.9778405
Untitled 5524.jpg,cleaned_Untitled 5524.jpg,78.19707743,29.19889839,0.97728436
Untitled 5525.jpg,cleaned_Untitled 5525.jpg,86.91422738,28.73989487,0.97514501
Untitled 5528.jpg,cleaned_Untitled 5528.jpg,85.40574414,28.8159328,0.975292982
Untitled 5531.jpg,cleaned_Untitled 5531.jpg,78.90668156,29.15966581,0.978368094
Untitled 5532.jpg,cleaned_Untitled 5532.jpg,79.20295351,29.14338984,0.976906225
Untitled 5533.jpg,cleaned_Untitled 5533.jpg,75.15267729,29.37135904,0.979045653
Untitled 5535.jpg,cleaned_Untitled 5535.jpg,78.81302308,29.16482375,0.977605139
Untitled 5538.jpg,cleaned_Untitled 5538.jpg,84.50939926,28.86175346,0.975419973
Untitled 5539.jpg,cleaned_Untitled 5539.jpg,86.83259799,28.74397566,0.976099669
Untitled 5541.jpg,cleaned_Untitled 5541.jpg,78.66998831,29.17271275,0.978470105
Untitled 5542.jpg,cleaned_Untitled 5542.jpg,86.14843222,28.77832983,0.976307033
Untitled 5543.jpg,cleaned_Untitled 5543.jpg,86.5533657,28.757964,0.976345338
Untitled 5544.jpg,cleaned_Untitled 5544.jpg,87.01095739,28.73506414,0.976104917
Untitled 5545.jpg,cleaned_Untitled 5545.jpg,75.5988399,29.3456523,0.978884236
Untitled 5546.jpg,cleaned_Untitled 5546.jpg,86.59334615,28.75595839,0.976286544
Untitled 5547.jpg,cleaned_Untitled 5547.jpg,85.00789186,28.83621115,0.975393108
Untitled 5550.jpg,cleaned_Untitled 5550.jpg,84.7641519,28.8486814,0.976275671
Untitled 5554.jpg,cleaned_Untitled 5554.jpg,77.25202242,29.25170503,0.978880835
Untitled 5555.jpg,cleaned_Untitled 5555.jpg,74.95641598,29.38271548,0.978925426
Untitled 5556.jpg,cleaned_Untitled 5556.jpg,84.74695447,28.84956261,0.97535991
Untitled 5557.jpg,cleaned_Untitled 5557.jpg,86.62932129,28.75415449,0.976398122
Untitled 5558.jpg,cleaned_Untitled 5558.jpg,79.15037822,29.14627366,0.977009869
Untitled 5559.jpg,cleaned_Untitled 5559.jpg,76.79410661,29.27752469,0.977474879
Untitled 5560.jpg,cleaned_Untitled 5560.jpg,80.23292341,29.08727744,0.977514221
Untitled 5561.jpg,cleaned_Untitled 5561.jpg,77.07481481,29.26167871,0.977419919
Untitled 5562.jpg,cleaned_Untitled 5562.jpg,78.82808132,29.16399405,0.97765859
Untitled 5563.jpg,cleaned_Untitled 5563.jpg,79.33198931,29.13632016,0.977596343
Untitled 5569.jpg,cleaned_Untitled 5569.jpg,81.63105248,29.01224965,0.975796908
Untitled 5573.jpg,cleaned_Untitled 5573.jpg,78.44422557,29.18519381,0.978020056
Untitled 5574.jpg,cleaned_Untitled 5574.jpg,87.68967221,28.70131914,0.975211171
Untitled 5575.jpg,cleaned_Untitled 5575.jpg,102.8453997,28.00895491,0.970249077
Untitled 5576.jpg,cleaned_Untitled 5576.jpg,115.6258216,27.50025529,0.967439932
Untitled 5579.jpg,cleaned_Untitled 5579.jpg,95.67625782,28.3227618,0.973539253
Untitled 5580.jpg,cleaned_Untitled 5580.jpg,94.4877367,28.37704915,0.974498484
Untitled 5581.jpg,cleaned_Untitled 5581.jpg,83.30782021,28.9239459,0.97710432
Untitled 5583.jpg,cleaned_Untitled 5583.jpg,98.83181968,28.18183569,0.970668034
Untitled 5584.jpg,cleaned_Untitled 5584.jpg,97.08258861,28.25939013,0.972581434
Untitled 5585.jpg,cleaned_Untitled 5585.jpg,113.5454358,27.5791068,0.970300089
Untitled 5587.jpg,cleaned_Untitled 5587.jpg,103.6338324,27.97578802,0.968614041
Untitled 5588.jpg,cleaned_Untitled 5588.jpg,103.9884553,27.96095234,0.970691148
Untitled 5589.jpg,cleaned_Untitled 5589.jpg,88.7608255,28.64859028,0.975746643
Untitled 5594.jpg,cleaned_Untitled 5594.jpg,103.1288798,27.99700061,0.968643582
Untitled 5595.jpg,cleaned_Untitled 5595.jpg,100.7991405,28.09623532,0.969863278
Untitled 5596.jpg,cleaned_Untitled 5596.jpg,99.15469108,28.16767095,0.969103516
Untitled 5597.jpg,cleaned_Untitled 5597.jpg,87.96873118,28.68752033,0.974769801
Untitled 5598.jpg,cleaned_Untitled 5598.jpg,95.67418539,28.32285588,0.972490839
Untitled 5601.jpg,cleaned_Untitled 5601.jpg,99.81565666,28.13881693,0.970809354
Untitled 5602.jpg,cleaned_Untitled 5602.jpg,99.25475027,28.1632906,0.968533815
Untitled 5604.jpg,cleaned_Untitled 5604.jpg,79.95562458,29.10231341,0.977077288
Untitled 5606.jpg,cleaned_Untitled 5606.jpg,115.413951,27.50822052,0.968050409
Untitled 5607.jpg,cleaned_Untitled 5607.jpg,111.1190085,27.67292003,0.969002229
Untitled 5609.jpg,cleaned_Untitled 5609.jpg,79.90737777,29.10493482,0.976501451
Untitled 5610.jpg,cleaned_Untitled 5610.jpg,103.3770093,27.98656397,0.970164927
Untitled 5611.jpg,cleaned_Untitled 5611.jpg,105.3579999,27.90412844,0.970405247
Untitled 5614.jpg,cleaned_Untitled 5614.jpg,91.31893939,28.52519502,0.974835052
Untitled 5615.jpg,cleaned_Untitled 5615.jpg,113.0319843,27.59879009,0.967433925
Untitled 5616.jpg,cleaned_Untitled 5616.jpg,83.4851939,28.91470901,0.971442913
Untitled 5617.jpg,cleaned_Untitled 5617.jpg,85.4432627,28.81402537,0.971369202
Untitled 5618.jpg,cleaned_Untitled 5618.jpg,94.60794201,28.37152765,0.974530385
Untitled 5619.jpg,cleaned_Untitled 5619.jpg,114.2270485,27.55311406,0.97082408
Untitled 5620.jpg,cleaned_Untitled 5620.jpg,83.99118774,28.88846638,0.977002564
Untitled 5621.jpg,cleaned_Untitled 5621.jpg,93.64529202,28.41594413,0.973765545
Untitled 5622.jpg,cleaned_Untitled 5622.jpg,108.3713951,27.78165697,0.968182624
Untitled 5623.jpg,cleaned_Untitled 5623.jpg,109.1843909,27.74919805,0.968944633
Untitled 5624.jpg,cleaned_Untitled 5624.jpg,82.9729177,28.94143999,0.976157932
Untitled 5625.jpg,cleaned_Untitled 5625.jpg,117.5099347,27.43005776,0.964475462
Untitled 5626.jpg,cleaned_Untitled 5626.jpg,89.01370391,28.63623488,0.974228524
Untitled 5629.jpg,cleaned_Untitled 5629.jpg,88.78953622,28.64718573,0.974196749
Untitled 5630.jpg,cleaned_Untitled 5630.jpg,85.94315476,28.78869069,0.976668892
Untitled 5639.jpg,cleaned_Untitled 5639.jpg,105.5627859,27.89569518,0.968713067
Untitled 5648.jpg,cleaned_Untitled 5648.jpg,100.8937593,28.09216057,0.969708453
Untitled 5649.jpg,cleaned_Untitled 5649.jpg,95.09882743,28.34905199,0.974229314
Untitled 5652.jpg,cleaned_Untitled 5652.jpg,90.37113023,28.57050647,0.975173823
Untitled 5654.jpg,cleaned_Untitled 5654.jpg,106.4391333,27.85979031,0.970223073
Untitled 5659.jpg,cleaned_Untitled 5659.jpg,108.6433752,27.77077112,0.969696955
Untitled 5662.jpg,cleaned_Untitled 5662.jpg,103.5998671,27.97721162,0.971043455
Untitled 5664.jpg,cleaned_Untitled 5664.jpg,91.2475075,28.52859351,0.973574939
Untitled 5668.jpg,cleaned_Untitled 5668.jpg,81.68583473,29.00933609,0.977234855
Untitled 5669.jpg,cleaned_Untitled 5669.jpg,80.14524066,29.09202624,0.976893999
Untitled 5670.jpg,cleaned_Untitled 5670.jpg,101.0839038,28.08398355,0.97261743
Untitled 5672.jpg,cleaned_Untitled 5672.jpg,87.37527525,28.71691804,0.975828563
Untitled 5674.jpg,cleaned_Untitled 5674.jpg,85.50212445,28.81103455,0.975235619
Untitled 5676.jpg,cleaned_Untitled 5676.jpg,83.88071581,28.89418233,0.975912899
Untitled 5678.jpg,cleaned_Untitled 5678.jpg,97.16308051,28.25579085,0.972180545
Untitled 5679.jpg,cleaned_Untitled 5679.jpg,90.09125898,28.58397705,0.974029068
Untitled 5681.jpg,cleaned_Untitled 5681.jpg,82.84056076,28.94837331,0.976579998
Untitled 5684.jpg,cleaned_Untitled 5684.jpg,87.6156077,28.70498883,0.975523467
Untitled 5685.jpg,cleaned_Untitled 5685.jpg,73.70164758,29.45603164,0.978838866
Untitled 5689.jpg,cleaned_Untitled 5689.jpg,107.3464912,27.82292508,0.968588888
Untitled 5690.jpg,cleaned_Untitled 5690.jpg,75.5454635,29.34871971,0.978793761
Untitled 5691.jpg,cleaned_Untitled 5691.jpg,79.74465031,29.11378803,0.977795694
Untitled 5692.jpg,cleaned_Untitled 5692.jpg,78.6826671,29.17201288,0.977285548
Untitled 5698.jpg,cleaned_Untitled 5698.jpg,77.69399943,29.22692883,0.977626961
Untitled 5700.jpg,cleaned_Untitled 5700.jpg,79.22293771,29.14229418,0.97670136
Untitled 5702.jpg,cleaned_Untitled 5702.jpg,85.1939688,28.8267151,0.976528936
Untitled 5703.jpg,cleaned_Untitled 5703.jpg,83.90653243,28.89284587,0.975543671
Untitled 5706.jpg,cleaned_Untitled 5706.jpg,88.31452389,28.67048229,0.975474013
Untitled 5707.jpg,cleaned_Untitled 5707.jpg,74.38393536,29.41601209,0.978976124
Untitled 5708.jpg,cleaned_Untitled 5708.jpg,92.67199276,28.46131859,0.973249241
Untitled 5711.jpg,cleaned_Untitled 5711.jpg,81.66694504,29.01034051,0.976582456
Untitled 5712.jpg,cleaned_Untitled 5712.jpg,79.50754889,29.12671996,0.977549953
Untitled 5713.jpg,cleaned_Untitled 5713.jpg,77.86057486,29.21762755,0.977613983
Untitled 5714.jpg,cleaned_Untitled 5714.jpg,75.22811423,29.36700186,0.979011339
Untitled 5716.jpg,cleaned_Untitled 5716.jpg,84.6169985,28.85622745,0.975633533
Untitled 5717.jpg,cleaned_Untitled 5717.jpg,105.8355708,27.88448704,0.968859294
Untitled 5718.jpg,cleaned_Untitled 5718.jpg,106.3960243,27.86154961,0.967829948
Untitled 5722.jpg,cleaned_Untitled 5722.jpg,141.5463752,26.62181609,0.961869844
Untitled 5723.jpg,cleaned_Untitled 5723.jpg,140.077677,26.6671143,0.962027442
Untitled 5725.jpg,cleaned_Untitled 5725.jpg,131.4582053,26.94292662,0.960844035
Untitled 5726.jpg,cleaned_Untitled 5726.jpg,109.360556,27.74219651,0.966745708
Untitled 5728.jpg,cleaned_Untitled 5728.jpg,148.2738441,26.42015814,0.960942067
Untitled 5729.jpg,cleaned_Untitled 5729.jpg,143.444917,26.56395197,0.959786006
Untitled 5730.jpg,cleaned_Untitled 5730.jpg,131.1545567,26.95296977,0.962471713
Untitled 5731.jpg,cleaned_Untitled 5731.jpg,143.4508185,26.5637733,0.961019809
Untitled 5732.jpg,cleaned_Untitled 5732.jpg,146.0099817,26.48697814,0.96043772
Untitled 5737.jpg,cleaned_Untitled 5737.jpg,140.4077524,26.65689273,0.959234839
Untitled 5739.jpg,cleaned_Untitled 5739.jpg,139.5999755,26.68195019,0.960791775
Untitled 5741.jpg,cleaned_Untitled 5741.jpg,109.3438684,27.74285926,0.964304918
Untitled 5743.jpg,cleaned_Untitled 5743.jpg,136.4225085,26.7819433,0.962855604
Untitled 5748.jpg,cleaned_Untitled 5748.jpg,132.1688574,26.91951225,0.964238383
Untitled 5750.jpg,cleaned_Untitled 5750.jpg,0.18645785,55.42499688,0.999324309
Untitled 5751.jpg,cleaned_Untitled 5751.jpg,138.7546731,26.70832742,0.96476908
Untitled 5753.jpg,cleaned_Untitled 5753.jpg,145.7678799,26.49418524,0.961686388
Untitled 5755.jpg,cleaned_Untitled 5755.jpg,141.5451508,26.62185366,0.959234584
Untitled 5756.jpg,cleaned_Untitled 5756.jpg,139.1699401,26.69534921,0.960205298
Untitled 5757.jpg,cleaned_Untitled 5757.jpg,0.205872777,54.99481437,0.999177841
Untitled 5758.jpg,cleaned_Untitled 5758.jpg,133.4388885,26.87797945,0.965077004
Untitled 5761.jpg,cleaned_Untitled 5761.jpg,135.8531243,26.8001073,0.964654798
Untitled 5762.jpg,cleaned_Untitled 5762.jpg,137.4762005,26.7485284,0.963582044
Untitled 5765.jpg,cleaned_Untitled 5765.jpg,138.6210766,26.71251094,0.965340511
Untitled 5767.jpg,cleaned_Untitled 5767.jpg,147.1066915,26.45447933,0.957531076
Untitled 5771.jpg,cleaned_Untitled 5771.jpg,0.220535526,54.69601801,0.999306549
Untitled 5773.jpg,cleaned_Untitled 5773.jpg,134.9830111,26.82801249,0.961138972
Untitled 5774.jpg,cleaned_Untitled 5774.jpg,138.6069709,26.71295288,0.963742352
Untitled 5775.jpg,cleaned_Untitled 5775.jpg,143.036168,26.57634494,0.959912394
Untitled 5777.jpg,cleaned_Untitled 5777.jpg,141.6920495,26.61734879,0.958483541
Untitled 5778.jpg,cleaned_Untitled 5778.jpg,138.0522093,26.73037,0.964901259
Untitled 5780.jpg,cleaned_Untitled 5780.jpg,135.4458475,26.81314666,0.960931721
Untitled 5781.jpg,cleaned_Untitled 5781.jpg,128.9565049,27.02637107,0.96725991
Untitled 5782.jpg,cleaned_Untitled 5782.jpg,145.1049462,26.51398144,0.960426672
Untitled 5785.jpg,cleaned_Untitled 5785.jpg,136.7611771,26.77117531,0.960730009
Untitled 5786.jpg,cleaned_Untitled 5786.jpg,104.8576596,27.92480201,0.970229269
Untitled 5788.jpg,cleaned_Untitled 5788.jpg,76.2683038,29.30736273,0.978324294
Untitled 5789.jpg,cleaned_Untitled 5789.jpg,118.6618177,27.38769364,0.966045224
Untitled 5791.jpg,cleaned_Untitled 5791.jpg,132.7140558,26.90163439,0.96736575
Untitled 5792.jpg,cleaned_Untitled 5792.jpg,135.1607639,26.82229723,0.964649622
Untitled 5793.jpg,cleaned_Untitled 5793.jpg,133.9398779,26.86170462,0.961649508
Untitled 5795.jpg,cleaned_Untitled 5795.jpg,140.6924107,26.6480969,0.96031286
Untitled 5798.jpg,cleaned_Untitled 5798.jpg,135.1686717,26.82204315,0.962289644
Untitled 5799.jpg,cleaned_Untitled 5799.jpg,139.2512632,26.69281217,0.961900257
Untitled 5802.jpg,cleaned_Untitled 5802.jpg,138.1495384,26.72730923,0.959782824
Untitled 5805.jpg,cleaned_Untitled 5805.jpg,146.0109284,26.48694999,0.957306351
Untitled 5806.jpg,cleaned_Untitled 5806.jpg,136.637355,26.77510914,0.960817975
Untitled 5807.jpg,cleaned_Untitled 5807.jpg,136.4414989,26.78133879,0.96027723
Untitled 5810.jpg,cleaned_Untitled 5810.jpg,140.4966302,26.65414453,0.958851729
Untitled 5811.jpg,cleaned_Untitled 5811.jpg,142.7795245,26.5841443,0.959355537
Untitled 5812.jpg,cleaned_Untitled 5812.jpg,131.5546603,26.93974123,0.96381434
Untitled 5813.jpg,cleaned_Untitled 5813.jpg,142.6830347,26.58708023,0.95993098
Untitled 5814.jpg,cleaned_Untitled 5814.jpg,144.3134855,26.53773445,0.961386196
Untitled 5815.jpg,cleaned_Untitled 5815.jpg,132.0556545,26.92323359,0.96590349
Untitled 5816.jpg,cleaned_Untitled 5816.jpg,142.3637151,26.59681048,0.959234554
Untitled 5818.jpg,cleaned_Untitled 5818.jpg,120.0463639,27.33731351,0.962060182
Untitled 5819.jpg,cleaned_Untitled 5819.jpg,133.6190717,26.87211911,0.960705017
Untitled 5821.jpg,cleaned_Untitled 5821.jpg,131.8978686,26.92842583,0.96552342
Untitled 5822.jpg,cleaned_Untitled 5822.jpg,136.2543323,26.78730041,0.96187873
Untitled 5824.jpg,cleaned_Untitled 5824.jpg,144.5649786,26.53017265,0.960634555
Untitled 5827.jpg,cleaned_Untitled 5827.jpg,136.0251044,26.79461293,0.96178768
Untitled 5828.jpg,cleaned_Untitled 5828.jpg,136.7440303,26.77171985,0.960797189
Untitled 5832.jpg,cleaned_Untitled 5832.jpg,146.0451435,26.48593241,0.9619022
Untitled 5833.jpg,cleaned_Untitled 5833.jpg,137.9477692,26.73365679,0.961199963
Untitled 5834.jpg,cleaned_Untitled 5834.jpg,136.9243542,26.7659966,0.96504924
Untitled 5835.jpg,cleaned_Untitled 5835.jpg,134.094812,26.85668385,0.960900905
Untitled 5836.jpg,cleaned_Untitled 5836.jpg,136.0061876,26.79521694,0.964150604
Untitled 5837.jpg,cleaned_Untitled 5837.jpg,140.7510993,26.64628565,0.96219047
Untitled 5838.jpg,cleaned_Untitled 5838.jpg,126.8569371,27.0976614,0.966960839
Untitled 5839.jpg,cleaned_Untitled 5839.jpg,80.99024168,29.04647666,0.977622503
Untitled 5840.jpg,cleaned_Untitled 5840.jpg,102.1041048,28.04037159,0.970402778
Untitled 5841.jpg,cleaned_Untitled 5841.jpg,88.77372052,28.64795939,0.975935924
Untitled 5843.jpg,cleaned_Untitled 5843.jpg,132.2853573,26.91568586,0.962837675
Untitled 5844.jpg,cleaned_Untitled 5844.jpg,96.18624748,28.29967379,0.971409154
Untitled 5847.jpg,cleaned_Untitled 5847.jpg,87.07127562,28.73205454,0.975560257
Untitled 5848.jpg,cleaned_Untitled 5848.jpg,86.79293847,28.74595969,0.975135107
Untitled 5849.jpg,cleaned_Untitled 5849.jpg,88.53624622,28.65959256,0.975561064
Untitled 5850.jpg,cleaned_Untitled 5850.jpg,77.56147987,29.23434274,0.97816753
Untitled 5851.jpg,cleaned_Untitled 5851.jpg,77.3249668,29.24760619,0.977858416
Untitled 5852.jpg,cleaned_Untitled 5852.jpg,80.13138473,29.09277713,0.97752892
Untitled 5853.jpg,cleaned_Untitled 5853.jpg,84.4179284,28.8664567,0.97557098
Untitled 5857.jpg,cleaned_Untitled 5857.jpg,77.84150061,29.21869161,0.979070996
Untitled 5864.jpg,cleaned_Untitled 5864.jpg,84.46173593,28.86420358,0.977868617
Untitled 5866.jpg,cleaned_Untitled 5866.jpg,84.91747194,28.84083304,0.975244972
Untitled 5867.jpg,cleaned_Untitled 5867.jpg,80.56863201,29.06914371,0.977544229
Untitled 5870.jpg,cleaned_Untitled 5870.jpg,76.07760641,29.31823521,0.978947704
Untitled 5872.jpg,cleaned_Untitled 5872.jpg,74.98730862,29.38092594,0.978650043
Untitled 5873.jpg,cleaned_Untitled 5873.jpg,77.85723313,29.21781395,0.977531122
Untitled 5874.jpg,cleaned_Untitled 5874.jpg,75.07790787,29.37568199,0.979043778
Untitled 5876.jpg,cleaned_Untitled 5876.jpg,87.73287843,28.69917982,0.975057317
Untitled 5878.jpg,cleaned_Untitled 5878.jpg,84.18065725,28.87868049,0.975650446
Untitled 5882.jpg,cleaned_Untitled 5882.jpg,78.80193961,29.16543454,0.977750847
Untitled 5883.jpg,cleaned_Untitled 5883.jpg,81.83669705,29.00132268,0.978870884
Untitled 5889.jpg,cleaned_Untitled 5889.jpg,77.97470327,29.2112663,0.977859262
Untitled 5890.jpg,cleaned_Untitled 5890.jpg,78.2854068,29.19399548,0.978302737
Untitled 5891.jpg,cleaned_Untitled 5891.jpg,0.202142061,55.07423672,0.999131104
Untitled 5892.jpg,cleaned_Untitled 5892.jpg,98.98822551,28.17496822,0.971833631
Untitled 5894.jpg,cleaned_Untitled 5894.jpg,90.26897166,28.57541866,0.973388059
Untitled 5895.jpg,cleaned_Untitled 5895.jpg,100.7264318,28.09936912,0.972110715
Untitled 5896.jpg,cleaned_Untitled 5896.jpg,78.52323794,29.18082161,0.978111045
Untitled 5897.jpg,cleaned_Untitled 5897.jpg,99.3075954,28.16097895,0.970486246
Untitled 5898.jpg,cleaned_Untitled 5898.jpg,77.46789826,29.23958587,0.977391725
Untitled 5901.jpg,cleaned_Untitled 5901.jpg,81.46935239,29.02086097,0.975796149
Untitled 5906.jpg,cleaned_Untitled 5906.jpg,86.18088304,28.77669421,0.975971384
Untitled 5908.jpg,cleaned_Untitled 5908.jpg,85.50282371,28.81099903,0.976222236
Untitled 5910.jpg,cleaned_Untitled 5910.jpg,70.8808642,29.62551357,0.980183676
Untitled 5912.jpg,cleaned_Untitled 5912.jpg,0.177040287,55.65008257,0.999131591
Untitled 5913.jpg,cleaned_Untitled 5913.jpg,0.218802204,54.73028668,0.999231963
Untitled 5918.jpg,cleaned_Untitled 5918.jpg,87.11009687,28.73011864,0.975235895
Untitled 5920.jpg,cleaned_Untitled 5920.jpg,82.44458918,28.96918203,0.97724524
Untitled 5921.jpg,cleaned_Untitled 5921.jpg,76.88503175,29.27238563,0.976939083
Untitled 5922.jpg,cleaned_Untitled 5922.jpg,83.21984165,28.92853476,0.975785307
Untitled 5926.jpg,cleaned_Untitled 5926.jpg,78.40998639,29.18708982,0.977751002
Untitled 5929.jpg,cleaned_Untitled 5929.jpg,80.69090048,29.06255799,0.977799669
Untitled 5930.jpg,cleaned_Untitled 5930.jpg,78.95386815,29.15706949,0.976854852
Untitled 5933.jpg,cleaned_Untitled 5933.jpg,88.55831892,28.65850997,0.975527357
Untitled 5934.jpg,cleaned_Untitled 5934.jpg,85.16586229,28.82814813,0.975167408
Untitled 5936.jpg,cleaned_Untitled 5936.jpg,85.50274031,28.81100327,0.975578416
Untitled 5938.jpg,cleaned_Untitled 5938.jpg,87.26805376,28.7222507,0.975579735
Untitled 5939.jpg,cleaned_Untitled 5939.jpg,77.09481445,29.26055193,0.978770702
Untitled 5941.jpg,cleaned_Untitled 5941.jpg,78.50201331,29.18199566,0.977322993
Untitled 5944.jpg,cleaned_Untitled 5944.jpg,83.66734987,28.90524348,0.977418063
Untitled 5948.jpg,cleaned_Untitled 5948.jpg,79.27860586,29.13924357,0.978481523
Untitled 5950.jpg,cleaned_Untitled 5950.jpg,90.46204426,28.56613963,0.978571867
Untitled 5952.jpg,cleaned_Untitled 5952.jpg,86.79649929,28.74578151,0.975343757
Untitled 5953.jpg,cleaned_Untitled 5953.jpg,78.94441922,29.15758927,0.977615026
Untitled 5968.jpg,cleaned_Untitled 5968.jpg,86.77899709,28.74665734,0.9758659
Untitled 5970.jpg,cleaned_Untitled 5970.jpg,75.94759726,29.32566322,0.979051455
Untitled 5971.jpg,cleaned_Untitled 5971.jpg,86.44598072,28.76335555,0.976678713
Untitled 5974.jpg,cleaned_Untitled 5974.jpg,83.5329148,28.91222725,0.975504288
Untitled 5975.jpg,cleaned_Untitled 5975.jpg,80.60818229,29.06701233,0.976259818
Untitled 5978.jpg,cleaned_Untitled 5978.jpg,80.23929054,29.08693281,0.976734454
Untitled 5979.jpg,cleaned_Untitled 5979.jpg,78.53486183,29.18017877,0.97728351
Untitled 5980.jpg,cleaned_Untitled 5980.jpg,85.79888398,28.79598722,0.977010956
Untitled 5982.jpg,cleaned_Untitled 5982.jpg,79.60576971,29.12135815,0.976387792
Untitled 5987.jpg,cleaned_Untitled 5987.jpg,83.81160644,28.89776196,0.977471259
Untitled 5993.jpg,cleaned_Untitled 5993.jpg,84.70751267,28.85158431,0.975458202
Untitled 5999.jpg,cleaned_Untitled 5999.jpg,80.0029121,29.09974565,0.976800619
Untitled 6000.jpg,cleaned_Untitled 6000.jpg,77.93162834,29.2136661,0.977219728
Untitled 6001.jpg,cleaned_Untitled 6001.jpg,77.88490669,29.21627057,0.977295098
Untitled 6002.jpg,cleaned_Untitled 6002.jpg,80.57475648,29.06881359,0.976862771
Untitled 6005.jpg,cleaned_Untitled 6005.jpg,81.98697166,28.99335516,0.975743841
Untitled 6011.jpg,cleaned_Untitled 6011.jpg,78.99421699,29.15485062,0.976843074
Untitled 6012.jpg,cleaned_Untitled 6012.jpg,78.76097858,29.16769257,0.97712481
Untitled 6013.jpg,cleaned_Untitled 6013.jpg,75.80315116,29.33393101,0.9770683
Untitled 6016.jpg,cleaned_Untitled 6016.jpg,80.11044807,29.093912,0.977576605
Untitled 6017.jpg,cleaned_Untitled 6017.jpg,77.04640937,29.26327957,0.977388616
Untitled 6018.jpg,cleaned_Untitled 6018.jpg,77.44144923,29.24106889,0.978063236
Untitled 6021.jpg,cleaned_Untitled 6021.jpg,85.54087391,28.80906678,0.975141479
Untitled 6025.jpg,cleaned_Untitled 6025.jpg,84.7344578,28.85020306,0.975804054
Untitled 6026.jpg,cleaned_Untitled 6026.jpg,87.25790543,28.72275577,0.976201588
Untitled 6028.jpg,cleaned_Untitled 6028.jpg,88.19510518,28.67635878,0.976153564
Untitled 6029.jpg,cleaned_Untitled 6029.jpg,87.04448369,28.73339107,0.975296036
Untitled 6032.jpg,cleaned_Untitled 6032.jpg,84.73578757,28.85013491,0.975304361
Untitled 6033.jpg,cleaned_Untitled 6033.jpg,85.82030822,28.79490291,0.976198855
Untitled 6034.jpg,cleaned_Untitled 6034.jpg,86.811695,28.74502125,0.976423936
Untitled 6036.jpg,cleaned_Untitled 6036.jpg,86.79393204,28.74590997,0.976203285
Untitled 6037.jpg,cleaned_Untitled 6037.jpg,83.98877248,28.88859127,0.975436761
Untitled 6040.jpg,cleaned_Untitled 6040.jpg,77.33690844,29.24693554,0.977504445
Untitled 6041.jpg,cleaned_Untitled 6041.jpg,84.70886154,28.85151516,0.975517586
Untitled 6043.jpg,cleaned_Untitled 6043.jpg,83.53903018,28.91190932,0.975449512
Untitled 6045.jpg,cleaned_Untitled 6045.jpg,81.315359,29.02907777,0.977441971
Untitled 6046.jpg,cleaned_Untitled 6046.jpg,80.38079468,29.07928065,0.97793378
Untitled 6047.jpg,cleaned_Untitled 6047.jpg,84.86760597,28.8433841,0.975748525
Untitled 6048.jpg,cleaned_Untitled 6048.jpg,77.23351017,29.25274587,0.977038466
Untitled 6049.jpg,cleaned_Untitled 6049.jpg,75.09285009,29.37481773,0.978924783
Untitled 6052.jpg,cleaned_Untitled 6052.jpg,84.28736478,28.87317885,0.975470463
Untitled 6053.jpg,cleaned_Untitled 6053.jpg,85.16384437,28.82825103,0.975753699
Untitled 6054.jpg,cleaned_Untitled 6054.jpg,86.83493768,28.74385864,0.975268128
Untitled 6055.jpg,cleaned_Untitled 6055.jpg,78.15226486,29.20138792,0.977277682
Untitled 6056.jpg,cleaned_Untitled 6056.jpg,80.66725548,29.0638308,0.977520118
Untitled 6057.jpg,cleaned_Untitled 6057.jpg,84.16739545,28.87936473,0.975561417
Untitled 6058.jpg,cleaned_Untitled 6058.jpg,80.60776065,29.06703505,0.976912686
Untitled 6060.jpg,cleaned_Untitled 6060.jpg,78.68599088,29.17182943,0.977903282
Untitled 6063.jpg,cleaned_Untitled 6063.jpg,76.61633674,29.28758978,0.97706789
Untitled 6064.jpg,cleaned_Untitled 6064.jpg,79.38184454,29.13359175,0.977235527
Untitled 6065.jpg,cleaned_Untitled 6065.jpg,78.7009748,29.17100249,0.977093782
Untitled 6066.jpg,cleaned_Untitled 6066.jpg,74.92017953,29.38481551,0.977472042
Untitled 6068.jpg,cleaned_Untitled 6068.jpg,81.43448091,29.02272028,0.977422401
Untitled 6069.jpg,cleaned_Untitled 6069.jpg,81.3000352,29.02989627,0.97807567
Untitled 6071.jpg,cleaned_Untitled 6071.jpg,81.79673049,29.00344416,0.977251089
Untitled 6072.jpg,cleaned_Untitled 6072.jpg,79.11811197,29.14804446,0.977617523
Untitled 6073.jpg,cleaned_Untitled 6073.jpg,74.01565256,29.43756788,0.979005691
Untitled 6074.jpg,cleaned_Untitled 6074.jpg,79.627913,29.12015028,0.977279636
Untitled 6076.jpg,cleaned_Untitled 6076.jpg,81.01297375,29.04525787,0.977603303
Untitled 6077.jpg,cleaned_Untitled 6077.jpg,80.56816613,29.06916882,0.977422553
Untitled 6078.jpg,cleaned_Untitled 6078.jpg,85.78357562,28.79676216,0.976485276
Untitled 6080.jpg,cleaned_Untitled 6080.jpg,83.20409159,28.92935677,0.975563749
Untitled 6081.jpg,cleaned_Untitled 6081.jpg,83.80572382,28.89806679,0.975809353
Untitled 6082.jpg,cleaned_Untitled 6082.jpg,84.33409099,28.87077193,0.975760789
Untitled 6083.jpg,cleaned_Untitled 6083.jpg,87.44312837,28.71354674,0.976027748
Untitled 6084.jpg,cleaned_Untitled 6084.jpg,86.02828462,28.78439098,0.975470058
Untitled 6089.jpg,cleaned_Untitled 6089.jpg,77.83618056,29.21898844,0.977196235
Untitled 6090.jpg,cleaned_Untitled 6090.jpg,79.60745201,29.12126637,0.977824009
Untitled 6091.jpg,cleaned_Untitled 6091.jpg,77.90641716,29.21507129,0.977847471
Untitled 6092.jpg,cleaned_Untitled 6092.jpg,79.38044741,29.13366818,0.977591107
Untitled 6093.jpg,cleaned_Untitled 6093.jpg,74.86142244,29.38822286,0.979202565
Untitled 6095.jpg,cleaned_Untitled 6095.jpg,79.80569256,29.1104649,0.976716942
Untitled 6096.jpg,cleaned_Untitled 6096.jpg,76.94884972,29.26878229,0.977428502
Untitled 6097.jpg,cleaned_Untitled 6097.jpg,77.76748087,29.2228233,0.977053441
Untitled 6098.jpg,cleaned_Untitled 6098.jpg,79.80499269,29.11050299,0.976950734
Untitled 6099.jpg,cleaned_Untitled 6099.jpg,82.83449885,28.94869112,0.978196784
Untitled 6100.jpg,cleaned_Untitled 6100.jpg,77.16028045,29.25686563,0.977172
Untitled 6102.jpg,cleaned_Untitled 6102.jpg,83.46321799,28.91585236,0.975654666
Untitled 6103.jpg,cleaned_Untitled 6103.jpg,78.50447441,29.18185951,0.97785348
Untitled 6104.jpg,cleaned_Untitled 6104.jpg,80.0545891,29.09694128,0.977782692
Untitled 6105.jpg,cleaned_Untitled 6105.jpg,77.01350412,29.26513477,0.976971701
Untitled 6106.jpg,cleaned_Untitled 6106.jpg,84.91834245,28.84078852,0.975551093
Untitled 6113.jpg,cleaned_Untitled 6113.jpg,80.11255174,29.09379796,0.977168149
Untitled 6115.jpg,cleaned_Untitled 6115.jpg,62.01029119,30.2061659,0.97675919
Untitled 6116.jpg,cleaned_Untitled 6116.jpg,63.58660074,30.09714752,0.977601233
Untitled 6117.jpg,cleaned_Untitled 6117.jpg,66.43331805,29.90694417,0.975578827
Untitled 6119.jpg,cleaned_Untitled 6119.jpg,63.19692966,30.12384382,0.977834499
Untitled 6120.jpg,cleaned_Untitled 6120.jpg,57.7251193,30.51715522,0.977866865
Untitled 6122.jpg,cleaned_Untitled 6122.jpg,80.42746615,29.07675974,0.976732918
Untitled 6123.jpg,cleaned_Untitled 6123.jpg,76.49717396,29.2943497,0.977032365
Untitled 6128.jpg,cleaned_Untitled 6128.jpg,78.14130412,29.20199706,0.976854869
Untitled 6131.jpg,cleaned_Untitled 6131.jpg,87.21938421,28.72467345,0.976510154
Untitled 6133.jpg,cleaned_Untitled 6133.jpg,85.13431367,28.82975722,0.975927882
Untitled 6135.jpg,cleaned_Untitled 6135.jpg,85.81271361,28.79528725,0.975500151
Untitled 6136.jpg,cleaned_Untitled 6136.jpg,85.33607844,28.8194768,0.975434723
Untitled 6137.jpg,cleaned_Untitled 6137.jpg,86.80537833,28.74533727,0.976725916
Untitled 6138.jpg,cleaned_Untitled 6138.jpg,81.75083851,29.00588145,0.977177054
Untitled 6139.jpg,cleaned_Untitled 6139.jpg,85.07115563,28.83298028,0.975976803
Untitled 6140.jpg,cleaned_Untitled 6140.jpg,86.09768699,28.78088877,0.976323641
Untitled 6141.jpg,cleaned_Untitled 6141.jpg,78.43468743,29.18572191,0.977389268
Untitled 6142.jpg,cleaned_Untitled 6142.jpg,76.87004877,29.27323204,0.976844007
Untitled 6143.jpg,cleaned_Untitled 6143.jpg,80.66792086,29.06379497,0.97776238
Untitled 6145.jpg,cleaned_Untitled 6145.jpg,83.34111556,28.92221051,0.9754146
Untitled 6146.jpg,cleaned_Untitled 6146.jpg,85.27287413,28.8226946,0.975543388
Untitled 6147.jpg,cleaned_Untitled 6147.jpg,84.49281212,28.86260596,0.975171164
Untitled 6150.jpg,cleaned_Untitled 6150.jpg,78.61383448,29.17581381,0.977543408
Untitled 6151.jpg,cleaned_Untitled 6151.jpg,77.18330573,29.25556986,0.977017884
Untitled 6152.jpg,cleaned_Untitled 6152.jpg,81.31559061,29.0290654,0.97724475
Untitled 6155.jpg,cleaned_Untitled 6155.jpg,83.73646772,28.90165724,0.975583017
Untitled 6156.jpg,cleaned_Untitled 6156.jpg,86.57427724,28.75691486,0.976185198
Untitled 6159.jpg,cleaned_Untitled 6159.jpg,83.18690616,28.93025388,0.975701595
Untitled 6160.jpg,cleaned_Untitled 6160.jpg,87.82873505,28.69443733,0.974962659
Untitled 6161.jpg,cleaned_Untitled 6161.jpg,88.5657758,28.6581443,0.975585813
Untitled 6163.jpg,cleaned_Untitled 6163.jpg,16.42796052,35.9749671,0.991158276
Untitled 6165.jpg,cleaned_Untitled 6165.jpg,15.84459842,36.13199124,0.992679785
Untitled 6166.jpg,cleaned_Untitled 6166.jpg,20.15265091,35.08748179,0.99230194
Untitled 6173.jpg,cleaned_Untitled 6173.jpg,18.33040528,35.49908294,0.992036699
Untitled 6176.jpg,cleaned_Untitled 6176.jpg,18.24655913,35.51899382,0.992277563
Untitled 6179.jpg,cleaned_Untitled 6179.jpg,20.28342317,35.0593911,0.991531708
Untitled 6180.jpg,cleaned_Untitled 6180.jpg,18.5521756,35.44685515,0.992383581
Untitled 6182.jpg,cleaned_Untitled 6182.jpg,18.16859335,35.53759056,0.992279807
Untitled 6185.jpg,cleaned_Untitled 6185.jpg,17.11059956,35.79815133,0.992246542
Untitled 6186.jpg,cleaned_Untitled 6186.jpg,20.43283063,35.02751826,0.991806877
Untitled 6188.jpg,cleaned_Untitled 6188.jpg,18.59274077,35.43736947,0.992144872
Untitled 6189.jpg,cleaned_Untitled 6189.jpg,26.24244605,33.94076048,0.988870968
Untitled 6190.jpg,cleaned_Untitled 6190.jpg,18.77009545,35.3961388,0.992301325
Untitled 6195.jpg,cleaned_Untitled 6195.jpg,10.2418146,38.02703451,0.995009634
Untitled 6197.jpg,cleaned_Untitled 6197.jpg,10.34323449,37.9842399,0.995375506
Untitled 6198.jpg,cleaned_Untitled 6198.jpg,18.71180032,35.40964787,0.992325146
Untitled 6200.jpg,cleaned_Untitled 6200.jpg,11.20694275,37.63593207,0.994534757
Untitled 6201.jpg,cleaned_Untitled 6201.jpg,18.12778044,35.54735728,0.992374731
Untitled 6204.jpg,cleaned_Untitled 6204.jpg,18.09454072,35.55532797,0.992248709
Untitled 6205.jpg,cleaned_Untitled 6205.jpg,23.70912398,34.38164853,0.989963377
Untitled 6206.jpg,cleaned_Untitled 6206.jpg,26.7686106,33.85454531,0.988828171
Untitled 6207.jpg,cleaned_Untitled 6207.jpg,17.73275915,35.64304046,0.991697261
Untitled 6211.jpg,cleaned_Untitled 6211.jpg,18.15573016,35.54066642,0.991993312
Untitled 6215.jpg,cleaned_Untitled 6215.jpg,16.99066415,35.82870005,0.992320998
Untitled 6216.jpg,cleaned_Untitled 6216.jpg,24.63201752,34.21580376,0.98957953
Untitled 6217.jpg,cleaned_Untitled 6217.jpg,19.8265622,35.15832944,0.991731437
Untitled 6219.jpg,cleaned_Untitled 6219.jpg,18.80767073,35.38745348,0.992208024
Untitled 6220.jpg,cleaned_Untitled 6220.jpg,23.33449414,34.4508197,0.989896497
Untitled 6224.jpg,cleaned_Untitled 6224.jpg,23.85648406,34.35473923,0.990047137
Untitled 6225.jpg,cleaned_Untitled 6225.jpg,18.97943333,35.34797119,0.991821978
Untitled 6226.jpg,cleaned_Untitled 6226.jpg,18.03515362,35.56960515,0.992061895
Untitled 6227.jpg,cleaned_Untitled 6227.jpg,10.20491265,38.04271069,0.995189811
Untitled 6228.jpg,cleaned_Untitled 6228.jpg,11.21073864,37.63446133,0.994809678
Untitled 6229.jpg,cleaned_Untitled 6229.jpg,18.85973231,35.37544837,0.991789672
Untitled 6230.jpg,cleaned_Untitled 6230.jpg,18.38273083,35.48670333,0.99277807
Untitled 6232.jpg,cleaned_Untitled 6232.jpg,19.32240817,35.27019109,0.991722185
Untitled 6235.jpg,cleaned_Untitled 6235.jpg,19.44429707,35.24288113,0.992246317
Untitled 6237.jpg,cleaned_Untitled 6237.jpg,18.88729492,35.36910599,0.992556534
Untitled 6239.jpg,cleaned_Untitled 6239.jpg,18.39214656,35.48447942,0.99240391
Untitled 6241.jpg,cleaned_Untitled 6241.jpg,19.92752511,35.13626996,0.991683188
Untitled 6244.jpg,cleaned_Untitled 6244.jpg,25.80415971,34.0139064,0.988882136
Untitled 6247.jpg,cleaned_Untitled 6247.jpg,18.58569524,35.43901549,0.992235311
Untitled 6248.jpg,cleaned_Untitled 6248.jpg,24.4800316,34.24268387,0.989364663
Untitled 6251.jpg,cleaned_Untitled 6251.jpg,10.3027267,38.00128182,0.995169417
Untitled 6253.jpg,cleaned_Untitled 6253.jpg,19.34299345,35.26556676,0.991609763
Untitled 6254.jpg,cleaned_Untitled 6254.jpg,19.02316464,35.33797594,0.991957362
Untitled 6255.jpg,cleaned_Untitled 6255.jpg,19.47883766,35.23517323,0.992353916
Untitled 6258.jpg,cleaned_Untitled 6258.jpg,19.50311935,35.22976282,0.992350604
Untitled 6260.jpg,cleaned_Untitled 6260.jpg,19.46757462,35.23768513,0.992341474
Untitled 6263.jpg,cleaned_Untitled 6263.jpg,26.84409169,33.84231647,0.988738466
Untitled 6264.jpg,cleaned_Untitled 6264.jpg,11.29771309,37.60089819,0.994830684
Untitled 6265.jpg,cleaned_Untitled 6265.jpg,18.15645173,35.54049381,0.992121737
Untitled 6266.jpg,cleaned_Untitled 6266.jpg,9.867165383,38.18887953,0.995701288
Untitled 6269.jpg,cleaned_Untitled 6269.jpg,20.5785434,34.9966573,0.99172945
Untitled 6271.jpg,cleaned_Untitled 6271.jpg,18.72857494,35.40575628,0.992145848
Untitled 6273.jpg,cleaned_Untitled 6273.jpg,18.30109433,35.50603301,0.992477983
Untitled 6276.jpg,cleaned_Untitled 6276.jpg,9.919040091,38.16610715,0.995436268
Untitled 6278.jpg,cleaned_Untitled 6278.jpg,19.48174248,35.23452562,0.991863736
Untitled 6282.jpg,cleaned_Untitled 6282.jpg,10.41829777,37.95283595,0.995153495
Untitled 6283.jpg,cleaned_Untitled 6283.jpg,12.01057827,37.33516443,0.994607674
Untitled 6286.jpg,cleaned_Untitled 6286.jpg,20.10402445,35.09797357,0.991652562
Untitled 6287.jpg,cleaned_Untitled 6287.jpg,20.58248435,34.99582567,0.991652187
Untitled 6288.jpg,cleaned_Untitled 6288.jpg,20.38034483,35.03868833,0.991763463
Untitled 6291.jpg,cleaned_Untitled 6291.jpg,20.48401221,35.01665335,0.991767352
Untitled 6292.jpg,cleaned_Untitled 6292.jpg,20.70727899,34.96957326,0.991476959
Untitled 6296.jpg,cleaned_Untitled 6296.jpg,18.77430458,35.39516502,0.992242976
Untitled 6297.jpg,cleaned_Untitled 6297.jpg,19.21386413,35.29465646,0.991623979
Untitled 6302.jpg,cleaned_Untitled 6302.jpg,18.62304226,35.43029732,0.992047232
Untitled 6304.jpg,cleaned_Untitled 6304.jpg,18.90184325,35.36576203,0.992146914
Untitled 6306.jpg,cleaned_Untitled 6306.jpg,19.08177937,35.32461491,0.991870929
Untitled 6311.jpg,cleaned_Untitled 6311.jpg,18.40261683,35.48200777,0.992493129
Untitled 6312.jpg,cleaned_Untitled 6312.jpg,21.09155306,34.88971801,0.992058097
Untitled 6313.jpg,cleaned_Untitled 6313.jpg,20.82241359,34.94549292,0.991451046
Untitled 6322.jpg,cleaned_Untitled 6322.jpg,19.19070698,35.29989387,0.992373331
Untitled 6324.jpg,cleaned_Untitled 6324.jpg,18.66396418,35.42076469,0.992482325
Untitled 6325.jpg,cleaned_Untitled 6325.jpg,20.00303915,35.11984376,0.991655792
Untitled 6327.jpg,cleaned_Untitled 6327.jpg,19.80623851,35.16278356,0.991610548
Untitled 6329.jpg,cleaned_Untitled 6329.jpg,18.14636902,35.54290623,0.992374853
Untitled 6330.jpg,cleaned_Untitled 6330.jpg,19.02739944,35.33700925,0.991693246
Untitled 6332.jpg,cleaned_Untitled 6332.jpg,17.13992774,35.79071374,0.992386325
Untitled 6333.jpg,cleaned_Untitled 6333.jpg,18.0362435,35.56934271,0.991979605
Untitled 6334.jpg,cleaned_Untitled 6334.jpg,20.62249581,34.98739137,0.991714193
Untitled 6338.jpg,cleaned_Untitled 6338.jpg,19.74882706,35.17539054,0.991689392
Untitled 6339.jpg,cleaned_Untitled 6339.jpg,17.01814047,35.82168257,0.992601461
Untitled 6340.jpg,cleaned_Untitled 6340.jpg,19.19824464,35.29818839,0.991407929
Untitled 6341.jpg,cleaned_Untitled 6341.jpg,18.55601196,35.44595717,0.991905975
Untitled 6342.jpg,cleaned_Untitled 6342.jpg,17.64909422,35.66357939,0.99080834
Untitled 6344.jpg,cleaned_Untitled 6344.jpg,14.94040549,36.38717976,0.991157741
Untitled 6346.jpg,cleaned_Untitled 6346.jpg,16.07518717,36.06924322,0.991071009
Untitled 6349.jpg,cleaned_Untitled 6349.jpg,15.69224939,36.17395159,0.991515493
Untitled 6351.jpg,cleaned_Untitled 6351.jpg,16.93873034,35.84199507,0.991434777
Untitled 6352.jpg,cleaned_Untitled 6352.jpg,17.3736896,35.73188303,0.990917229
Untitled 6353.jpg,cleaned_Untitled 6353.jpg,10.63240795,37.86448729,0.995052811
Untitled 6354.jpg,cleaned_Untitled 6354.jpg,24.70169029,34.20353689,0.989597546
Untitled 6355.jpg,cleaned_Untitled 6355.jpg,17.77705809,35.63220469,0.992138397
Untitled 6356.jpg,cleaned_Untitled 6356.jpg,17.3522839,35.73723716,0.992636049
Untitled 6360.jpg,cleaned_Untitled 6360.jpg,9.398589854,38.40017663,0.995690081
Untitled 6361.jpg,cleaned_Untitled 6361.jpg,10.45607158,37.93711813,0.995216935
Untitled 6363.jpg,cleaned_Untitled 6363.jpg,17.93309684,35.59425067,0.992478785
Untitled 6365.jpg,cleaned_Untitled 6365.jpg,16.84845783,35.86520206,0.992505137
Untitled 6366.jpg,cleaned_Untitled 6366.jpg,17.87101836,35.6093106,0.991838395
Untitled 6367.jpg,cleaned_Untitled 6367.jpg,23.95275942,34.33724808,0.989718575
Untitled 6371.jpg,cleaned_Untitled 6371.jpg,19.12618361,35.3145204,0.991965228
Untitled 6375.jpg,cleaned_Untitled 6375.jpg,19.04192761,35.33369451,0.992346476
Untitled 6378.jpg,cleaned_Untitled 6378.jpg,19.82131805,35.15947831,0.992115241
Untitled 6383.jpg,cleaned_Untitled 6383.jpg,20.329484,35.04954005,0.992193154
Untitled 6386.jpg,cleaned_Untitled 6386.jpg,20.13849792,35.09053286,0.992181585
Untitled 6387.jpg,cleaned_Untitled 6387.jpg,10.66055439,37.85300571,0.995107701
Untitled 6389.jpg,cleaned_Untitled 6389.jpg,17.35506576,35.73654097,0.992314872
Untitled 6390.jpg,cleaned_Untitled 6390.jpg,11.80342994,37.41072134,0.994780501
Untitled 6391.jpg,cleaned_Untitled 6391.jpg,19.96049157,35.12909128,0.991602742
Untitled 6394.jpg,cleaned_Untitled 6394.jpg,19.14371839,35.31054064,0.991507355
Untitled 6395.jpg,cleaned_Untitled 6395.jpg,20.20253661,35.07674458,0.992010187
Untitled 6398.jpg,cleaned_Untitled 6398.jpg,9.941634422,38.15622572,0.995171819
Untitled 6399.jpg,cleaned_Untitled 6399.jpg,18.44343376,35.47238581,0.992139921
Untitled 6401.jpg,cleaned_Untitled 6401.jpg,9.894350482,38.17693071,0.995396547
Untitled 6402.jpg,cleaned_Untitled 6402.jpg,19.46876419,35.23741976,0.991329762
Untitled 6403.jpg,cleaned_Untitled 6403.jpg,18.7343647,35.4044139,0.991695343
Untitled 6408.jpg,cleaned_Untitled 6408.jpg,18.86616485,35.37396736,0.992178882
Untitled 6412.jpg,cleaned_Untitled 6412.jpg,26.05803672,33.97138669,0.988792721
Untitled 6413.jpg,cleaned_Untitled 6413.jpg,19.0401608,35.33409749,0.992189021
Untitled 6415.jpg,cleaned_Untitled 6415.jpg,10.98573609,37.72251199,0.994984105
Untitled 6417.jpg,cleaned_Untitled 6417.jpg,26.0033998,33.98050228,0.989418752
Untitled 6418.jpg,cleaned_Untitled 6418.jpg,21.0052011,34.90753517,0.991719492
Untitled 6419.jpg,cleaned_Untitled 6419.jpg,19.75720047,35.17354954,0.991786431
Untitled 6420.jpg,cleaned_Untitled 6420.jpg,19.70152501,35.18580517,0.991801807
Untitled 6421.jpg,cleaned_Untitled 6421.jpg,28.25039422,33.62055848,0.98983695
Untitled 6425.jpg,cleaned_Untitled 6425.jpg,11.60855868,37.4830206,0.994663074
Untitled 6431.jpg,cleaned_Untitled 6431.jpg,18.6878069,35.41522023,0.992357305
Untitled 6433.jpg,cleaned_Untitled 6433.jpg,16.52053531,35.95056245,0.992228268
Untitled 6438.jpg,cleaned_Untitled 6438.jpg,18.22680524,35.52369808,0.992403522
Untitled 6439.jpg,cleaned_Untitled 6439.jpg,19.88602901,35.14532292,0.992030452
Untitled 6441.jpg,cleaned_Untitled 6441.jpg,24.14546629,34.30244764,0.989867824
Untitled 6442.jpg,cleaned_Untitled 6442.jpg,17.93425837,35.59396939,0.992050828
Untitled 6443.jpg,cleaned_Untitled 6443.jpg,19.61111296,35.2057812,0.992202538
Untitled 6445.jpg,cleaned_Untitled 6445.jpg,10.08398073,38.09448354,0.995414625
Untitled 6447.jpg,cleaned_Untitled 6447.jpg,19.75183508,35.1747291,0.992142329
Untitled 6449.jpg,cleaned_Untitled 6449.jpg,21.25426375,34.85634295,0.991689538
Untitled 6452.jpg,cleaned_Untitled 6452.jpg,20.65751616,34.9800226,0.991743441
Untitled 6455.jpg,cleaned_Untitled 6455.jpg,18.69669794,35.41315449,0.991749852
Untitled 6456.jpg,cleaned_Untitled 6456.jpg,20.29556734,35.05679165,0.991485277
Untitled 6457.jpg,cleaned_Untitled 6457.jpg,19.25802073,35.28468711,0.992147487
Untitled 6458.jpg,cleaned_Untitled 6458.jpg,20.45880055,35.02200192,0.991466419
Untitled 6459.jpg,cleaned_Untitled 6459.jpg,18.97706607,35.34851291,0.99200474
Untitled 6462.jpg,cleaned_Untitled 6462.jpg,19.50692046,35.22891648,0.992310642
Untitled 6463.jpg,cleaned_Untitled 6463.jpg,20.40408518,35.03363233,0.991653288
Untitled 6465.jpg,cleaned_Untitled 6465.jpg,10.79665569,37.79791109,0.995226067
Untitled 6466.jpg,cleaned_Untitled 6466.jpg,16.7541552,35.88957827,0.992248605
Untitled 6467.jpg,cleaned_Untitled 6467.jpg,20.18466064,35.08058909,0.992209508
Untitled 6468.jpg,cleaned_Untitled 6468.jpg,20.57277034,34.99787583,0.99179034
Untitled 6471.jpg,cleaned_Untitled 6471.jpg,20.4206445,35.03010916,0.991643539
Untitled 6472.jpg,cleaned_Untitled 6472.jpg,10.78286628,37.80346141,0.995056649
Untitled 6473.jpg,cleaned_Untitled 6473.jpg,18.32675484,35.49994791,0.99138577
Untitled 6474.jpg,cleaned_Untitled 6474.jpg,21.69039631,34.76812874,0.991443609
Untitled 6477.jpg,cleaned_Untitled 6477.jpg,20.11998382,35.09452734,0.992229528
Untitled 6479.jpg,cleaned_Untitled 6479.jpg,21.2170417,34.86395531,0.991693305
Untitled 6483.jpg,cleaned_Untitled 6483.jpg,20.56748367,34.998992,0.992099625
Untitled 6485.jpg,cleaned_Untitled 6485.jpg,19.89097681,35.1442425,0.992174836
Untitled 6486.jpg,cleaned_Untitled 6486.jpg,31.50315961,33.14726247,0.989238939
Untitled 6487.jpg,cleaned_Untitled 6487.jpg,11.22166504,37.6302306,0.994807502
Untitled 6490.jpg,cleaned_Untitled 6490.jpg,20.10137457,35.09854605,0.991666154
Untitled 6492.jpg,cleaned_Untitled 6492.jpg,19.82390943,35.15891056,0.992247577
Untitled 6497.jpg,cleaned_Untitled 6497.jpg,78.55227669,29.17921584,0.978060503
Untitled 6498.jpg,cleaned_Untitled 6498.jpg,82.67675711,28.95696927,0.975746675
Untitled 6500.jpg,cleaned_Untitled 6500.jpg,84.09121353,28.88329741,0.975545598
Untitled 6501.jpg,cleaned_Untitled 6501.jpg,84.22042042,28.87662956,0.975840664
Untitled 6503.jpg,cleaned_Untitled 6503.jpg,86.90592682,28.74030965,0.976420089
Untitled 6504.jpg,cleaned_Untitled 6504.jpg,83.67335639,28.90493171,0.975827411
Untitled 6506.jpg,cleaned_Untitled 6506.jpg,78.41719064,29.18669082,0.977822214
Untitled 6507.jpg,cleaned_Untitled 6507.jpg,80.23791172,29.08700744,0.977775896
Untitled 6511.jpg,cleaned_Untitled 6511.jpg,77.18831421,29.25528805,0.976956275
Untitled 6512.jpg,cleaned_Untitled 6512.jpg,79.14239827,29.14671154,0.977500432
Untitled 6513.jpg,cleaned_Untitled 6513.jpg,85.81855172,28.7949918,0.97596572
Untitled 6515.jpg,cleaned_Untitled 6515.jpg,105.2838714,27.90718515,0.969547011
Untitled 6518.jpg,cleaned_Untitled 6518.jpg,85.8208894,28.7948735,0.976714924
Untitled 6520.jpg,cleaned_Untitled 6520.jpg,86.15498159,28.77799967,0.976329015
Untitled 6521.jpg,cleaned_Untitled 6521.jpg,78.4145026,29.18683969,0.976979657
Untitled 6522.jpg,cleaned_Untitled 6522.jpg,78.49954511,29.18213221,0.978072259
Untitled 6526.jpg,cleaned_Untitled 6526.jpg,86.82932938,28.74413914,0.976107001
Untitled 6528.jpg,cleaned_Untitled 6528.jpg,86.41957839,28.76468218,0.978892695
Untitled 6529.jpg,cleaned_Untitled 6529.jpg,85.01390498,28.83590396,0.97567833
Untitled 6533.jpg,cleaned_Untitled 6533.jpg,78.80667899,29.16517335,0.97875029
Untitled 6534.jpg,cleaned_Untitled 6534.jpg,78.65972845,29.17327918,0.977465976
Untitled 6535.jpg,cleaned_Untitled 6535.jpg,78.66040539,29.17324181,0.978722743
Untitled 6537.jpg,cleaned_Untitled 6537.jpg,85.07538414,28.83276442,0.976505375
Untitled 6538.jpg,cleaned_Untitled 6538.jpg,85.50522139,28.81087725,0.976850889
Untitled 6541.jpg,cleaned_Untitled 6541.jpg,86.06105143,28.78273713,0.976807796
Untitled 6544.jpg,cleaned_Untitled 6544.jpg,84.71394924,28.85125433,0.97606932
Untitled 6545.jpg,cleaned_Untitled 6545.jpg,78.69691448,29.17122656,0.977837187
Untitled 6546.jpg,cleaned_Untitled 6546.jpg,80.24862275,29.08642773,0.976598905
Untitled 6547.jpg,cleaned_Untitled 6547.jpg,1544.294666,16.2435019,0.534773279
Untitled 6548.jpg,cleaned_Untitled 6548.jpg,79.10125598,29.14896982,0.977036388
Untitled 6552.jpg,cleaned_Untitled 6552.jpg,86.92265013,28.73947402,0.976171508
Untitled 6553.jpg,cleaned_Untitled 6553.jpg,86.48688994,28.76130081,0.976402218
Untitled 6554.jpg,cleaned_Untitled 6554.jpg,87.72422183,28.69960836,0.974964777
Untitled 6557.jpg,cleaned_Untitled 6557.jpg,87.00524991,28.73534902,0.97613586
Untitled 6558.jpg,cleaned_Untitled 6558.jpg,83.02464786,28.93873319,0.97568024
Untitled 6559.jpg,cleaned_Untitled 6559.jpg,79.74891945,29.11355554,0.977436851
Untitled 6560.jpg,cleaned_Untitled 6560.jpg,79.18165543,29.14455784,0.976744008
Untitled 6561.jpg,cleaned_Untitled 6561.jpg,84.24092325,28.87557243,0.975925206
Untitled 6563.jpg,cleaned_Untitled 6563.jpg,84.82017874,28.84581178,0.975402307
Untitled 6565.jpg,cleaned_Untitled 6565.jpg,81.43727436,29.02257131,0.977301183
Untitled 6568.jpg,cleaned_Untitled 6568.jpg,84.95482574,28.83892307,0.975415489
Untitled 6569.jpg,cleaned_Untitled 6569.jpg,77.94859126,29.2127209,0.978825697
Untitled 6570.jpg,cleaned_Untitled 6570.jpg,84.14126269,28.88071336,0.975445303
Untitled 6571.jpg,cleaned_Untitled 6571.jpg,85.03501514,28.83482568,0.975351355
Untitled 6573.jpg,cleaned_Untitled 6573.jpg,73.974773,29.4399672,0.97983681
Untitled 6574.jpg,cleaned_Untitled 6574.jpg,80.9665498,29.04774728,0.977509549
Untitled 6575.jpg,cleaned_Untitled 6575.jpg,78.60305269,29.17640948,0.977300343
Untitled 6576.jpg,cleaned_Untitled 6576.jpg,78.90024531,29.16002007,0.977231298
Untitled 6577.jpg,cleaned_Untitled 6577.jpg,77.72262597,29.22532895,0.978111773
Untitled 6578.jpg,cleaned_Untitled 6578.jpg,79.30060803,29.13803844,0.977597313
Untitled 6580.jpg,cleaned_Untitled 6580.jpg,77.79775819,29.22113278,0.977526952
Untitled 6581.jpg,cleaned_Untitled 6581.jpg,95.69745676,28.32179965,0.97167148
Untitled 6583.jpg,cleaned_Untitled 6583.jpg,87.62546793,28.70450011,0.974989957
Untitled 6584.jpg,cleaned_Untitled 6584.jpg,83.38847737,28.91974317,0.975669772
Untitled 6585.jpg,cleaned_Untitled 6585.jpg,83.60247748,28.90861213,0.975474769
Untitled 6586.jpg,cleaned_Untitled 6586.jpg,84.62548972,28.85579166,0.975471161
Untitled 6587.jpg,cleaned_Untitled 6587.jpg,85.34151715,28.81920002,0.975939802
Untitled 6588.jpg,cleaned_Untitled 6588.jpg,87.16023732,28.72761957,0.976275911
Untitled 6592.jpg,cleaned_Untitled 6592.jpg,86.46201087,28.76255029,0.976444452
Untitled 6593.jpg,cleaned_Untitled 6593.jpg,84.77366652,28.84819394,0.975356676
Untitled 6594.jpg,cleaned_Untitled 6594.jpg,84.37509991,28.86866061,0.975430251
Untitled 6595.jpg,cleaned_Untitled 6595.jpg,75.09091659,29.37492955,0.979011529
Untitled 6597.jpg,cleaned_Untitled 6597.jpg,86.25677228,28.77287158,0.975360621
Untitled 6599.jpg,cleaned_Untitled 6599.jpg,80.94360931,29.04897795,0.977312543
Untitled 6603.jpg,cleaned_Untitled 6603.jpg,85.99521546,28.78606072,0.97525129
Untitled 6605.jpg,cleaned_Untitled 6605.jpg,77.29466073,29.24930866,0.977176093
Untitled 6606.jpg,cleaned_Untitled 6606.jpg,86.44291891,28.76350938,0.976195028
Untitled 6609.jpg,cleaned_Untitled 6609.jpg,87.63538398,28.70400867,0.97493631
Untitled 6610.jpg,cleaned_Untitled 6610.jpg,86.0985144,28.78084703,0.975603261
Untitled 6612.jpg,cleaned_Untitled 6612.jpg,82.90963984,28.94475332,0.975433107
Untitled 6618.jpg,cleaned_Untitled 6618.jpg,84.40311472,28.86721887,0.975485143
Untitled 6619.jpg,cleaned_Untitled 6619.jpg,84.68339411,28.85282105,0.975378395
Untitled 6620.jpg,cleaned_Untitled 6620.jpg,84.08097896,28.88382601,0.97718046
Untitled 6621.jpg,cleaned_Untitled 6621.jpg,78.44808316,29.18498025,0.977249587
Untitled 6622.jpg,cleaned_Untitled 6622.jpg,80.5377964,29.07080618,0.976651411
Untitled 6623.jpg,cleaned_Untitled 6623.jpg,78.37102817,29.18924816,0.976743121
Untitled 6624.jpg,cleaned_Untitled 6624.jpg,78.34908576,29.19046428,0.978530916
Untitled 6625.jpg,cleaned_Untitled 6625.jpg,86.66033193,28.75260013,0.975339715
Untitled 6626.jpg,cleaned_Untitled 6626.jpg,83.9131824,28.89250169,0.975651222
Untitled 6627.jpg,cleaned_Untitled 6627.jpg,78.56692955,29.1784058,0.978125734
Untitled 6628.jpg,cleaned_Untitled 6628.jpg,110.9669627,27.67886662,0.967231559
Untitled 6629.jpg,cleaned_Untitled 6629.jpg,100.4097109,28.11304644,0.969639043
Untitled 6637.jpg,cleaned_Untitled 6637.jpg,81.39436137,29.02486041,0.978226839
Untitled 6642.jpg,cleaned_Untitled 6642.jpg,87.66907063,28.70233958,0.974974181
Untitled 6643.jpg,cleaned_Untitled 6643.jpg,85.20193219,28.82630917,0.976018329
Untitled 6645.jpg,cleaned_Untitled 6645.jpg,113.9540301,27.56350672,0.96740121
Untitled 6647.jpg,cleaned_Untitled 6647.jpg,79.69650837,29.11641066,0.978148887
Untitled 6649.jpg,cleaned_Untitled 6649.jpg,86.05284583,28.78315124,0.975627987
Untitled 6650.jpg,cleaned_Untitled 6650.jpg,85.46322777,28.8130107,0.976149633
Untitled 6653.jpg,cleaned_Untitled 6653.jpg,84.97738542,28.83776996,0.97557305
Untitled 6656.jpg,cleaned_Untitled 6656.jpg,85.15930224,28.82848267,0.975574464
Untitled 6660.jpg,cleaned_Untitled 6660.jpg,75.04223191,29.37774618,0.978935298
Untitled 6662.jpg,cleaned_Untitled 6662.jpg,79.42955573,29.13098227,0.977752068
Untitled 6663.jpg,cleaned_Untitled 6663.jpg,77.99127239,29.21034355,0.977491859
Untitled 6664.jpg,cleaned_Untitled 6664.jpg,79.51450796,29.12633985,0.977656598
Untitled 6665.jpg,cleaned_Untitled 6665.jpg,78.49306091,29.18249096,0.977795631
Untitled 6666.jpg,cleaned_Untitled 6666.jpg,78.57147933,29.17815431,0.978541124
Untitled 6667.jpg,cleaned_Untitled 6667.jpg,77.90660237,29.21506096,0.97717029
Untitled 6668.jpg,cleaned_Untitled 6668.jpg,84.03533803,28.8861841,0.975658477
Untitled 6669.jpg,cleaned_Untitled 6669.jpg,78.45247449,29.18473715,0.977303314
Untitled 6673.jpg,cleaned_Untitled 6673.jpg,84.64827327,28.85462257,0.975489947
Untitled 6674.jpg,cleaned_Untitled 6674.jpg,75.41939958,29.3559729,0.978952324
Untitled 6677.jpg,cleaned_Untitled 6677.jpg,89.11731678,28.63118259,0.974961568
Untitled 6678.jpg,cleaned_Untitled 6678.jpg,86.28371512,28.77151525,0.975393374
Untitled 6679.jpg,cleaned_Untitled 6679.jpg,79.22946282,29.14193649,0.976767006
Untitled 6682.jpg,cleaned_Untitled 6682.jpg,71.52353305,29.58631402,0.980574418
Untitled 6686.jpg,cleaned_Untitled 6686.jpg,75.44886951,29.35427624,0.97908763
Untitled 6687.jpg,cleaned_Untitled 6687.jpg,84.06530638,28.88463561,0.975763956
Untitled 6688.jpg,cleaned_Untitled 6688.jpg,83.92292871,28.8919973,0.975653703
Untitled 6690.jpg,cleaned_Untitled 6690.jpg,85.2880511,28.8219217,0.975347886
Untitled 6692.jpg,cleaned_Untitled 6692.jpg,85.38909731,28.81677938,0.975227006
Untitled 6695.jpg,cleaned_Untitled 6695.jpg,79.73615921,29.11425048,0.977541493
Untitled 6696.jpg,cleaned_Untitled 6696.jpg,86.61336655,28.75495441,0.975156217
Untitled 6697.jpg,cleaned_Untitled 6697.jpg,101.5648744,28.06336825,0.969544034
Untitled 6698.jpg,cleaned_Untitled 6698.jpg,121.5206962,27.28430112,0.963819604
Untitled 6699.jpg,cleaned_Untitled 6699.jpg,86.24713469,28.77335685,0.974019405
Untitled 6701.jpg,cleaned_Untitled 6701.jpg,111.0068966,27.677304,0.968589396
Untitled 6703.jpg,cleaned_Untitled 6703.jpg,96.45958642,28.28734965,0.97248565
Untitled 6706.jpg,cleaned_Untitled 6706.jpg,109.3886788,27.74107984,0.969119167
Untitled 6708.jpg,cleaned_Untitled 6708.jpg,104.3927434,27.9441005,0.970619408
Untitled 6710.jpg,cleaned_Untitled 6710.jpg,110.2513279,27.70696532,0.96902043
Untitled 6711.jpg,cleaned_Untitled 6711.jpg,84.88495266,28.8424965,0.976384275
Untitled 6712.jpg,cleaned_Untitled 6712.jpg,114.7082418,27.53485738,0.97095228
Untitled 6714.jpg,cleaned_Untitled 6714.jpg,92.58181453,28.46554673,0.972928031
Untitled 6715.jpg,cleaned_Untitled 6715.jpg,109.1526172,27.75046208,0.97036748
Untitled 6716.jpg,cleaned_Untitled 6716.jpg,86.3209653,28.76964073,0.975897236
Untitled 6717.jpg,cleaned_Untitled 6717.jpg,121.9051313,27.27058374,0.968691649
Untitled 6718.jpg,cleaned_Untitled 6718.jpg,89.12473323,28.63082118,0.973641755
Untitled 6723.jpg,cleaned_Untitled 6723.jpg,89.92630158,28.59193628,0.97435612
Untitled 6725.jpg,cleaned_Untitled 6725.jpg,131.7572096,26.93305972,0.965288353
Untitled 6726.jpg,cleaned_Untitled 6726.jpg,99.08483951,28.17073151,0.970192124
Untitled 6728.jpg,cleaned_Untitled 6728.jpg,83.64732858,28.90628285,0.97623786
Untitled 6729.jpg,cleaned_Untitled 6729.jpg,84.93996268,28.83968295,0.974740872
Untitled 6731.jpg,cleaned_Untitled 6731.jpg,95.95740845,28.31001851,0.975561721
Untitled 6732.jpg,cleaned_Untitled 6732.jpg,129.1555324,27.01967347,0.96540551
Untitled 6733.jpg,cleaned_Untitled 6733.jpg,82.65227048,28.95825573,0.977225769
Untitled 6734.jpg,cleaned_Untitled 6734.jpg,88.28725103,28.67182366,0.974654997
Untitled 6735.jpg,cleaned_Untitled 6735.jpg,113.4102986,27.58427867,0.966183693
Untitled 6736.jpg,cleaned_Untitled 6736.jpg,111.5848724,27.6547504,0.969576331
Untitled 6737.jpg,cleaned_Untitled 6737.jpg,116.5185698,27.46685215,0.969293722
Untitled 6739.jpg,cleaned_Untitled 6739.jpg,110.2245024,27.70802214,0.969371944
Untitled 6741.jpg,cleaned_Untitled 6741.jpg,102.0994601,28.04056916,0.971691764
Untitled 6744.jpg,cleaned_Untitled 6744.jpg,81.23196448,29.03353405,0.976519066
Untitled 6747.jpg,cleaned_Untitled 6747.jpg,83.92406027,28.89193874,0.976482739
Untitled 6748.jpg,cleaned_Untitled 6748.jpg,75.62479232,29.34416166,0.979248312
Untitled 6749.jpg,cleaned_Untitled 6749.jpg,85.28810445,28.82191899,0.975391876
Untitled 6753.jpg,cleaned_Untitled 6753.jpg,85.99322782,28.7861611,0.97594294
Untitled 6756.jpg,cleaned_Untitled 6756.jpg,78.09307696,29.20467826,0.977362321
Untitled 6757.jpg,cleaned_Untitled 6757.jpg,78.57606178,29.17790103,0.977759271
Untitled 6758.jpg,cleaned_Untitled 6758.jpg,84.13764059,28.88090032,0.975589135
Untitled 6760.jpg,cleaned_Untitled 6760.jpg,86.92131787,28.73954059,0.976225068
Untitled 6762.jpg,cleaned_Untitled 6762.jpg,86.38052043,28.76664545,0.976358314
Untitled 6763.jpg,cleaned_Untitled 6763.jpg,84.45389229,28.86460691,0.975453555
Untitled 6764.jpg,cleaned_Untitled 6764.jpg,90.68302165,28.55554378,0.974366517
Untitled 6765.jpg,cleaned_Untitled 6765.jpg,76.81592199,29.27629113,0.978756157
Untitled 6766.jpg,cleaned_Untitled 6766.jpg,100.7389889,28.09882773,0.970266843
Untitled 6774.jpg,cleaned_Untitled 6774.jpg,86.26685886,28.77236376,0.975840003
Untitled 6775.jpg,cleaned_Untitled 6775.jpg,112.5932937,27.61567837,0.967777351
Untitled 6777.jpg,cleaned_Untitled 6777.jpg,81.90947694,28.99746208,0.977188119
Untitled 6778.jpg,cleaned_Untitled 6778.jpg,91.75087768,28.50470134,0.972180149
Untitled 6781.jpg,cleaned_Untitled 6781.jpg,91.78936006,28.50288019,0.974636849
Untitled 6783.jpg,cleaned_Untitled 6783.jpg,96.28457729,28.29523633,0.972603286
Untitled 6784.jpg,cleaned_Untitled 6784.jpg,84.3331124,28.87082232,0.970191384
Untitled 6787.jpg,cleaned_Untitled 6787.jpg,69.03678126,29.73999826,0.975970596
Untitled 6789.jpg,cleaned_Untitled 6789.jpg,60.65894209,30.30185529,0.979619688
Untitled 6792.jpg,cleaned_Untitled 6792.jpg,73.4951936,29.46821423,0.971491029
Untitled 6793.jpg,cleaned_Untitled 6793.jpg,84.66983172,28.85351664,0.970485754
Untitled 6795.jpg,cleaned_Untitled 6795.jpg,84.2001705,28.8776739,0.971434152
Untitled 6797.jpg,cleaned_Untitled 6797.jpg,14.22820836,36.59930144,0.99286698
Untitled 6799.jpg,cleaned_Untitled 6799.jpg,56.90104199,30.57960141,0.979804495
Untitled 6800.jpg,cleaned_Untitled 6800.jpg,80.06080581,29.09660404,0.971312581
Untitled 6802.jpg,cleaned_Untitled 6802.jpg,88.61349889,28.65580476,0.969710827
Untitled 6803.jpg,cleaned_Untitled 6803.jpg,75.94136535,29.3260196,0.974840286
Untitled 6804.jpg,cleaned_Untitled 6804.jpg,78.21909402,29.19767579,0.972213396
Untitled 6805.jpg,cleaned_Untitled 6805.jpg,86.00099882,28.78576866,0.971744978
Untitled 6806.jpg,cleaned_Untitled 6806.jpg,84.61323354,28.85642069,0.968105985
Untitled 6808.jpg,cleaned_Untitled 6808.jpg,82.60152178,28.96092312,0.976956586
Untitled 6811.jpg,cleaned_Untitled 6811.jpg,91.50795638,28.51621504,0.974864846
Untitled 6812.jpg,cleaned_Untitled 6812.jpg,87.29570212,28.72087498,0.975534398
Untitled 6813.jpg,cleaned_Untitled 6813.jpg,112.9206401,27.6030703,0.971473727
Untitled 6817.jpg,cleaned_Untitled 6817.jpg,79.56832082,29.12340168,0.972490397
Untitled 6818.jpg,cleaned_Untitled 6818.jpg,78.98920702,29.15512607,0.970439861
Untitled 6827.jpg,cleaned_Untitled 6827.jpg,136.6387866,26.77506364,0.959900504
Untitled 6828.jpg,cleaned_Untitled 6828.jpg,137.4440129,26.74954534,0.960377488
Untitled 6830.jpg,cleaned_Untitled 6830.jpg,123.6151706,27.21008588,0.964941681
Untitled 6831.jpg,cleaned_Untitled 6831.jpg,123.398288,27.21771226,0.96370362
Untitled 6833.jpg,cleaned_Untitled 6833.jpg,121.3340603,27.2909763,0.966287657
Untitled 6834.jpg,cleaned_Untitled 6834.jpg,124.6833826,27.17271785,0.966418702
Untitled 6835.jpg,cleaned_Untitled 6835.jpg,124.4926014,27.17936819,0.96298167
Untitled 6841.jpg,cleaned_Untitled 6841.jpg,117.3531639,27.43585558,0.96528202
Untitled 6842.jpg,cleaned_Untitled 6842.jpg,115.8972892,27.49007083,0.966510094
Untitled 6843.jpg,cleaned_Untitled 6843.jpg,119.9618849,27.3403708,0.967490352
Untitled 6844.jpg,cleaned_Untitled 6844.jpg,126.4666156,27.11104464,0.964002699
Untitled 6846.jpg,cleaned_Untitled 6846.jpg,111.8954851,27.64267797,0.967169332
Untitled 6847.jpg,cleaned_Untitled 6847.jpg,115.106,27.51982399,0.966081624
Untitled 6848.jpg,cleaned_Untitled 6848.jpg,116.5828602,27.46445655,0.9669114
Untitled 6849.jpg,cleaned_Untitled 6849.jpg,121.8412389,27.27286054,0.966797927
Untitled 6853.jpg,cleaned_Untitled 6853.jpg,128.6697405,27.03603936,0.96507507
Untitled 6856.jpg,cleaned_Untitled 6856.jpg,119.1038223,27.37154662,0.96622183
Untitled 6857.jpg,cleaned_Untitled 6857.jpg,120.0028598,27.33888765,0.967545124
Untitled 6858.jpg,cleaned_Untitled 6858.jpg,119.3407015,27.36291774,0.967304394
Untitled 6861.jpg,cleaned_Untitled 6861.jpg,117.3352051,27.43652024,0.966536486
Untitled 6862.jpg,cleaned_Untitled 6862.jpg,130.5632428,26.97259433,0.965634001
Untitled 6864.jpg,cleaned_Untitled 6864.jpg,125.6081288,27.14062615,0.963781057
Untitled 6866.jpg,cleaned_Untitled 6866.jpg,142.2033015,26.60170681,0.959223766
Untitled 6868.jpg,cleaned_Untitled 6868.jpg,138.8414107,26.70561343,0.963117057
Untitled 6869.jpg,cleaned_Untitled 6869.jpg,143.7012176,26.55619913,0.96385784
Untitled 6870.jpg,cleaned_Untitled 6870.jpg,140.6524636,26.64933017,0.961676593
Untitled 6871.jpg,cleaned_Untitled 6871.jpg,128.8592849,27.02964644,0.964370856
Untitled 6872.jpg,cleaned_Untitled 6872.jpg,125.6079171,27.14063347,0.967472126
Untitled 6873.jpg,cleaned_Untitled 6873.jpg,133.0695171,26.8900178,0.963490317
Untitled 6875.jpg,cleaned_Untitled 6875.jpg,129.9616291,26.99265214,0.96620305
Untitled 6879.jpg,cleaned_Untitled 6879.jpg,133.8758808,26.8637802,0.961554338
Untitled 6880.jpg,cleaned_Untitled 6880.jpg,128.2736394,27.04942944,0.961218896
Untitled 6883.jpg,cleaned_Untitled 6883.jpg,143.2060765,26.57118915,0.959381187
Untitled 6884.jpg,cleaned_Untitled 6884.jpg,141.1476576,26.63406686,0.964000666
Untitled 6885.jpg,cleaned_Untitled 6885.jpg,138.9817018,26.70122736,0.961665535
Untitled 6896.jpg,cleaned_Untitled 6896.jpg,139.2490536,26.69288109,0.96073624
Untitled 6902.jpg,cleaned_Untitled 6902.jpg,143.0315283,26.57648582,0.95848424
Untitled 6903.jpg,cleaned_Untitled 6903.jpg,137.6841558,26.74196395,0.960752005
Untitled 6913.jpg,cleaned_Untitled 6913.jpg,130.4857443,26.97517294,0.964599848
Untitled 6915.jpg,cleaned_Untitled 6915.jpg,131.7130327,26.93451611,0.962435806
Untitled 6920.jpg,cleaned_Untitled 6920.jpg,132.639372,26.90407904,0.961851494
Untitled 6922.jpg,cleaned_Untitled 6922.jpg,0.164994518,55.95610847,0.999296487
Untitled 6925.jpg,cleaned_Untitled 6925.jpg,138.2318225,26.72472327,0.963051092
Untitled 6926.jpg,cleaned_Untitled 6926.jpg,136.6205706,26.77564266,0.961426508
Untitled 6928.jpg,cleaned_Untitled 6928.jpg,132.6406272,26.90403794,0.962849772
Untitled 6929.jpg,cleaned_Untitled 6929.jpg,118.5913598,27.39027312,0.964267334
Untitled 6932.jpg,cleaned_Untitled 6932.jpg,133.1336338,26.88792575,0.959473736
Untitled 6933.jpg,cleaned_Untitled 6933.jpg,140.9647531,26.63969826,0.959584332
Untitled 6935.jpg,cleaned_Untitled 6935.jpg,140.6803715,26.64846854,0.962441825
Untitled 6936.jpg,cleaned_Untitled 6936.jpg,139.6295348,26.6810307,0.962631145
Untitled 6941.jpg,cleaned_Untitled 6941.jpg,134.2578654,26.85140623,0.964667407
Untitled 6942.jpg,cleaned_Untitled 6942.jpg,142.3111864,26.59841322,0.960305848
Untitled 6943.jpg,cleaned_Untitled 6943.jpg,138.4663165,26.71736222,0.961448169
Untitled 6945.jpg,cleaned_Untitled 6945.jpg,140.138754,26.66522109,0.963086393
Untitled 6946.jpg,cleaned_Untitled 6946.jpg,142.9159881,26.57999545,0.961064939
Untitled 6950.jpg,cleaned_Untitled 6950.jpg,178.4123755,25.61655385,0.954728498
Untitled 6951.jpg,cleaned_Untitled 6951.jpg,130.2625745,26.98260704,0.965807685
Untitled 6952.jpg,cleaned_Untitled 6952.jpg,138.0798859,26.72949941,0.964362251
Untitled 6953.jpg,cleaned_Untitled 6953.jpg,130.1994704,26.98471143,0.966179279
Untitled 6954.jpg,cleaned_Untitled 6954.jpg,137.3407313,26.75281005,0.963041994
Untitled 6955.jpg,cleaned_Untitled 6955.jpg,135.3415729,26.81649141,0.965472266
Untitled 6959.jpg,cleaned_Untitled 6959.jpg,145.8572674,26.49152288,0.958257656
Untitled 6960.jpg,cleaned_Untitled 6960.jpg,138.5660654,26.71423476,0.963759357
Untitled 6962.jpg,cleaned_Untitled 6962.jpg,142.9029446,26.58039183,0.959199245
Untitled 6964.jpg,cleaned_Untitled 6964.jpg,137.8830045,26.73569623,0.960946363
Untitled 6965.jpg,cleaned_Untitled 6965.jpg,134.8074101,26.83366596,0.96172516
Untitled 6966.jpg,cleaned_Untitled 6966.jpg,137.0217972,26.76290701,0.963616192
Untitled 6967.jpg,cleaned_Untitled 6967.jpg,136.5478635,26.77795452,0.96268493
Untitled 6970.jpg,cleaned_Untitled 6970.jpg,137.2066895,26.75705075,0.961929534
Untitled 6971.jpg,cleaned_Untitled 6971.jpg,140.8185049,26.64420632,0.960981538
Untitled 6973.jpg,cleaned_Untitled 6973.jpg,145.7109114,26.49588286,0.961935658
Untitled 6974.jpg,cleaned_Untitled 6974.jpg,134.6296505,26.83939643,0.963523123
Untitled 6975.jpg,cleaned_Untitled 6975.jpg,144.0423844,26.54590059,0.95913585
Untitled 6976.jpg,cleaned_Untitled 6976.jpg,134.2741016,26.85088106,0.963874932
Untitled 6977.jpg,cleaned_Untitled 6977.jpg,131.7853365,26.93213271,0.962350724
Untitled 6979.jpg,cleaned_Untitled 6979.jpg,102.6874112,28.01563156,0.963147209
Untitled 6981.jpg,cleaned_Untitled 6981.jpg,107.3079813,27.82448336,0.963043367
Untitled 6983.jpg,cleaned_Untitled 6983.jpg,110.0394227,27.71532058,0.960462252
Untitled 6984.jpg,cleaned_Untitled 6984.jpg,112.3284729,27.62590506,0.958586558
Untitled 6985.jpg,cleaned_Untitled 6985.jpg,98.74646489,28.18558804,0.964151952
Untitled 6986.jpg,cleaned_Untitled 6986.jpg,95.00026989,28.35355522,0.966081767
Untitled 6987.jpg,cleaned_Untitled 6987.jpg,108.5043749,27.77633112,0.961443829
Untitled 6989.jpg,cleaned_Untitled 6989.jpg,108.7570957,27.7662276,0.959922554
Untitled 6991.jpg,cleaned_Untitled 6991.jpg,110.8646754,27.68287171,0.959307324
Untitled 6992.jpg,cleaned_Untitled 6992.jpg,81.43818161,29.02252293,0.971025693
Untitled 6993.jpg,cleaned_Untitled 6993.jpg,130.7618366,26.96599349,0.964531763
Untitled 6994.jpg,cleaned_Untitled 6994.jpg,143.568344,26.5602167,0.96156873
Untitled 6995.jpg,cleaned_Untitled 6995.jpg,126.5651555,27.10766204,0.963820731
Untitled 6996.jpg,cleaned_Untitled 6996.jpg,146.6296248,26.46858638,0.961817127
Untitled 6998.jpg,cleaned_Untitled 6998.jpg,131.3711662,26.94580306,0.96479095
Untitled 6999.jpg,cleaned_Untitled 6999.jpg,134.1063058,26.85631162,0.962240106
Untitled 7000.jpg,cleaned_Untitled 7000.jpg,131.7208832,26.93425727,0.965459213
Untitled 7001.jpg,cleaned_Untitled 7001.jpg,128.3028195,27.04844161,0.967265024
Untitled 7003.jpg,cleaned_Untitled 7003.jpg,149.4170098,26.3868032,0.960166143
Untitled 7006.jpg,cleaned_Untitled 7006.jpg,136.3197202,26.78521675,0.962089958
Untitled 7007.jpg,cleaned_Untitled 7007.jpg,139.9117468,26.67226182,0.961116019
Untitled 7011.jpg,cleaned_Untitled 7011.jpg,138.9355623,26.70266938,0.959906145
Untitled 7012.jpg,cleaned_Untitled 7012.jpg,128.3550061,27.04667549,0.96096756
Untitled 7013.jpg,cleaned_Untitled 7013.jpg,143.9874659,26.54755672,0.959997169
Untitled 7016.jpg,cleaned_Untitled 7016.jpg,106.1285769,27.8724802,0.96293962
Untitled 7017.jpg,cleaned_Untitled 7017.jpg,136.958337,26.76491887,0.962722902
Untitled 7018.jpg,cleaned_Untitled 7018.jpg,141.2613186,26.63057105,0.961090499
Untitled 7022.jpg,cleaned_Untitled 7022.jpg,137.308034,26.75384412,0.96278671
Untitled 7023.jpg,cleaned_Untitled 7023.jpg,142.9546585,26.57882048,0.960987692
Untitled 7024.jpg,cleaned_Untitled 7024.jpg,115.1688173,27.51745454,0.963483713
Untitled 7025.jpg,cleaned_Untitled 7025.jpg,111.6242131,27.65321951,0.969080534
Untitled 7029.jpg,cleaned_Untitled 7029.jpg,140.2127558,26.66292836,0.959836508
Untitled 7030.jpg,cleaned_Untitled 7030.jpg,139.9278326,26.67176254,0.960936963
Untitled 7032.jpg,cleaned_Untitled 7032.jpg,137.2701598,26.75504222,0.962241415
Untitled 7050.jpg,cleaned_Untitled 7050.jpg,87.45722831,28.71284651,0.97491648
Untitled 7051.jpg,cleaned_Untitled 7051.jpg,77.18713764,29.25535425,0.976847395
Untitled 7052.jpg,cleaned_Untitled 7052.jpg,77.71591825,29.22570378,0.97683176
Untitled 7054.jpg,cleaned_Untitled 7054.jpg,81.03095429,29.04429407,0.977048308
Untitled 7056.jpg,cleaned_Untitled 7056.jpg,74.99894129,29.38025228,0.97903246
Untitled 7059.jpg,cleaned_Untitled 7059.jpg,78.59812674,29.17668165,0.976804961
Untitled 7060.jpg,cleaned_Untitled 7060.jpg,78.19483515,29.19902292,0.977416759
Untitled 7061.jpg,cleaned_Untitled 7061.jpg,83.13705402,28.9328573,0.975712817
Untitled 7063.jpg,cleaned_Untitled 7063.jpg,78.52722029,29.18060136,0.977484868
Untitled 7064.jpg,cleaned_Untitled 7064.jpg,79.43200713,29.13084824,0.976899451
Untitled 7065.jpg,cleaned_Untitled 7065.jpg,77.52606982,29.23632593,0.977316794
Untitled 7066.jpg,cleaned_Untitled 7066.jpg,76.23048584,29.30951673,0.976745869
Untitled 7068.jpg,cleaned_Untitled 7068.jpg,84.93628327,28.83987108,0.975320416
Untitled 7069.jpg,cleaned_Untitled 7069.jpg,85.25505431,28.82360225,0.975289314
Untitled 7070.jpg,cleaned_Untitled 7070.jpg,77.6975067,29.22673278,0.978180575
Untitled 7071.jpg,cleaned_Untitled 7071.jpg,77.12709138,29.25873407,0.9774351
Untitled 7072.jpg,cleaned_Untitled 7072.jpg,79.05413812,29.15155753,0.977145685
Untitled 7073.jpg,cleaned_Untitled 7073.jpg,78.62539632,29.17517513,0.977147377
Untitled 7074.jpg,cleaned_Untitled 7074.jpg,85.32626418,28.81997629,0.976039633
Untitled 7075.jpg,cleaned_Untitled 7075.jpg,78.05160215,29.20698539,0.976716575
Untitled 7076.jpg,cleaned_Untitled 7076.jpg,77.35109798,29.24613878,0.977031494
Untitled 7077.jpg,cleaned_Untitled 7077.jpg,87.31530936,28.71989964,0.975652024
Untitled 7078.jpg,cleaned_Untitled 7078.jpg,86.07162064,28.7822038,0.975901295
Untitled 7079.jpg,cleaned_Untitled 7079.jpg,75.99353985,29.32303686,0.976505525
Untitled 7080.jpg,cleaned_Untitled 7080.jpg,77.44770664,29.24071799,0.977121884
Untitled 7081.jpg,cleaned_Untitled 7081.jpg,77.43635239,29.24135473,0.97696086
Untitled 7082.jpg,cleaned_Untitled 7082.jpg,80.58730762,29.06813714,0.977233946
Untitled 7083.jpg,cleaned_Untitled 7083.jpg,72.1317919,29.5495364,0.978425866
Untitled 7084.jpg,cleaned_Untitled 7084.jpg,80.21094939,29.08846704,0.976830085
Untitled 7085.jpg,cleaned_Untitled 7085.jpg,78.82371588,29.16423456,0.976860629
Untitled 7086.jpg,cleaned_Untitled 7086.jpg,78.08129541,29.20533351,0.977180641
Untitled 7087.jpg,cleaned_Untitled 7087.jpg,78.92758332,29.15851556,0.977014747
Untitled 7090.jpg,cleaned_Untitled 7090.jpg,78.88217102,29.16101506,0.977235232
Untitled 7092.jpg,cleaned_Untitled 7092.jpg,82.76530177,28.95232058,0.975616033
Untitled 7094.jpg,cleaned_Untitled 7094.jpg,84.23774217,28.87573643,0.975667757
Untitled 7095.jpg,cleaned_Untitled 7095.jpg,85.73927215,28.79900568,0.975504834
Untitled 7096.jpg,cleaned_Untitled 7096.jpg,86.8485332,28.74317873,0.975004681
Untitled 7097.jpg,cleaned_Untitled 7097.jpg,86.42981947,28.76416755,0.974987102
Untitled 7098.jpg,cleaned_Untitled 7098.jpg,84.82424713,28.84560347,0.975299232
Untitled 7100.jpg,cleaned_Untitled 7100.jpg,85.64037073,28.80401822,0.97505958
Untitled 7102.jpg,cleaned_Untitled 7102.jpg,83.62301486,28.9075454,0.975367901
Untitled 7103.jpg,cleaned_Untitled 7103.jpg,75.7396892,29.33756842,0.978905251
Untitled 7107.jpg,cleaned_Untitled 7107.jpg,75.1275454,29.37281161,0.979098879
Untitled 7108.jpg,cleaned_Untitled 7108.jpg,84.7094491,28.85148504,0.975461721
Untitled 7109.jpg,cleaned_Untitled 7109.jpg,85.29740276,28.82144553,0.975622261
Untitled 7110.jpg,cleaned_Untitled 7110.jpg,84.80393205,28.84664371,0.975387782
Untitled 7114.jpg,cleaned_Untitled 7114.jpg,75.17700853,29.36995321,0.977347923
Untitled 7115.jpg,cleaned_Untitled 7115.jpg,76.69154202,29.28332891,0.977126703
Untitled 7116.jpg,cleaned_Untitled 7116.jpg,76.8278542,29.27561657,0.977031897
Untitled 7117.jpg,cleaned_Untitled 7117.jpg,80.47156658,29.07437905,0.977592344
Untitled 7119.jpg,cleaned_Untitled 7119.jpg,81.19287381,29.03562447,0.978649462
Untitled 7120.jpg,cleaned_Untitled 7120.jpg,86.6322104,28.75400965,0.975006856
Untitled 7122.jpg,cleaned_Untitled 7122.jpg,79.55797506,29.1239664,0.978215256
Untitled 7123.jpg,cleaned_Untitled 7123.jpg,84.3519115,28.86985432,0.975560388
Untitled 7125.jpg,cleaned_Untitled 7125.jpg,84.56682338,28.85880344,0.9754583
Untitled 7128.jpg,cleaned_Untitled 7128.jpg,81.32068504,29.02879332,0.977597672
Untitled 7129.jpg,cleaned_Untitled 7129.jpg,76.78602799,29.27798158,0.976909669
Untitled 7130.jpg,cleaned_Untitled 7130.jpg,78.87624175,29.16134151,0.977483091
Untitled 7131.jpg,cleaned_Untitled 7131.jpg,85.37259748,28.81761866,0.976851979
Untitled 7133.jpg,cleaned_Untitled 7133.jpg,79.04758349,29.15191763,0.976955334
Untitled 7134.jpg,cleaned_Untitled 7134.jpg,78.16660434,29.20059115,0.977452545
Untitled 7138.jpg,cleaned_Untitled 7138.jpg,76.21582563,29.31035202,0.977781314
Untitled 7139.jpg,cleaned_Untitled 7139.jpg,79.24840385,29.14089837,0.977873486
Untitled 7144.jpg,cleaned_Untitled 7144.jpg,66.3615773,29.91163661,0.975581944
Untitled 7147.jpg,cleaned_Untitled 7147.jpg,76.89064584,29.27206852,0.977026731
Untitled 7149.jpg,cleaned_Untitled 7149.jpg,86.97440979,28.73688871,0.9758322
Untitled 7151.jpg,cleaned_Untitled 7151.jpg,84.74256226,28.8497877,0.975196886
Untitled 7152.jpg,cleaned_Untitled 7152.jpg,87.74258447,28.69869938,0.975709416
Untitled 7153.jpg,cleaned_Untitled 7153.jpg,85.57650822,28.80725799,0.975999815
Untitled 7156.jpg,cleaned_Untitled 7156.jpg,80.64307983,29.06513255,0.977185652
Untitled 7157.jpg,cleaned_Untitled 7157.jpg,77.6445328,29.2296948,0.977005472
Untitled 7158.jpg,cleaned_Untitled 7158.jpg,83.08135743,28.93576777,0.977515236
Untitled 7159.jpg,cleaned_Untitled 7159.jpg,82.6471067,28.95852706,0.975787369
Untitled 7160.jpg,cleaned_Untitled 7160.jpg,79.23744331,29.14149907,0.973394274
Untitled 7161.jpg,cleaned_Untitled 7161.jpg,85.78483593,28.79669836,0.976475527
Untitled 7163.jpg,cleaned_Untitled 7163.jpg,80.75919097,29.05888401,0.975963612
Untitled 7165.jpg,cleaned_Untitled 7165.jpg,82.73072683,28.95413521,0.975965023
Untitled 7168.jpg,cleaned_Untitled 7168.jpg,78.53375054,29.18024022,0.978326573
Untitled 7169.jpg,cleaned_Untitled 7169.jpg,85.54420495,28.80889767,0.975373347
Untitled 7172.jpg,cleaned_Untitled 7172.jpg,84.46732791,28.86391605,0.977057251
Untitled 7173.jpg,cleaned_Untitled 7173.jpg,86.63054202,28.75409329,0.976328694
Untitled 7174.jpg,cleaned_Untitled 7174.jpg,84.61651562,28.85625223,0.975441725
Untitled 7175.jpg,cleaned_Untitled 7175.jpg,85.24071567,28.82433274,0.975475055
Untitled 7177.jpg,cleaned_Untitled 7177.jpg,84.07172804,28.88430387,0.975665996
Untitled 7178.jpg,cleaned_Untitled 7178.jpg,86.67404339,28.75191304,0.976345694
Untitled 7181.jpg,cleaned_Untitled 7181.jpg,83.8926918,28.89356231,0.975791209
Untitled 7184.jpg,cleaned_Untitled 7184.jpg,102.0860961,28.04113765,0.965297536
Untitled 7186.jpg,cleaned_Untitled 7186.jpg,76.0422991,29.32025122,0.974028528
Untitled 7189.jpg,cleaned_Untitled 7189.jpg,78.11957364,29.20320497,0.977996085
Untitled 7192.jpg,cleaned_Untitled 7192.jpg,83.70831638,28.90311754,0.975636172
Untitled 7194.jpg,cleaned_Untitled 7194.jpg,83.70031935,28.90353246,0.975606615
Untitled 7195.jpg,cleaned_Untitled 7195.jpg,79.09432691,29.14935026,0.978484977
Untitled 7196.jpg,cleaned_Untitled 7196.jpg,86.05050908,28.78326917,0.976767593
Untitled 7198.jpg,cleaned_Untitled 7198.jpg,78.64178365,29.17427006,0.977913971
Untitled 7201.jpg,cleaned_Untitled 7201.jpg,83.17272987,28.93099405,0.975496446
Untitled 7202.jpg,cleaned_Untitled 7202.jpg,83.24234902,28.92736034,0.975435283
Untitled 7203.jpg,cleaned_Untitled 7203.jpg,84.08844466,28.88344041,0.975675927
Untitled 7206.jpg,cleaned_Untitled 7206.jpg,85.23619891,28.82456287,0.975265523
Untitled 7207.jpg,cleaned_Untitled 7207.jpg,82.35679394,28.97380929,0.975681159
Untitled 7208.jpg,cleaned_Untitled 7208.jpg,85.0494943,28.83408625,0.975350583
Untitled 7209.jpg,cleaned_Untitled 7209.jpg,85.78781784,28.7965474,0.975183165
Untitled 7210.jpg,cleaned_Untitled 7210.jpg,80.96484795,29.04783856,0.977039935
Untitled 7211.jpg,cleaned_Untitled 7211.jpg,60.89340658,30.2851009,0.976698925
Untitled 7240.jpg,cleaned_Untitled 7240.jpg,104.4426448,27.942025,0.968559576
Untitled 7275.jpg,cleaned_Untitled 7275.jpg,101.3643326,28.07195196,0.968935632
Untitled 7277.jpg,cleaned_Untitled 7277.jpg,101.8472841,28.05130908,0.968976092
Untitled 7280.jpg,cleaned_Untitled 7280.jpg,98.34202514,28.20341213,0.970124758
Untitled 7281.jpg,cleaned_Untitled 7281.jpg,96.71150174,28.27602234,0.970476841
Untitled 7282.jpg,cleaned_Untitled 7282.jpg,104.2882901,27.94844814,0.968935968
Untitled 7285.jpg,cleaned_Untitled 7285.jpg,100.4529602,28.11117621,0.969340411
Untitled 7286.jpg,cleaned_Untitled 7286.jpg,102.767562,28.01224307,0.968902512
Untitled 7287.jpg,cleaned_Untitled 7287.jpg,101.712504,28.05706015,0.968970108
Untitled 7288.jpg,cleaned_Untitled 7288.jpg,101.4522658,28.0681861,0.969294906
Untitled 7290.jpg,cleaned_Untitled 7290.jpg,93.97459651,28.40069891,0.971511693
Untitled 7291.jpg,cleaned_Untitled 7291.jpg,96.69923402,28.27657327,0.970214352
Untitled 7292.jpg,cleaned_Untitled 7292.jpg,97.09175106,28.25898027,0.970213263
Untitled 7293.jpg,cleaned_Untitled 7293.jpg,100.3500723,28.11562671,0.969355949
Untitled 7296.jpg,cleaned_Untitled 7296.jpg,100.319438,28.1169527,0.969262841
Untitled 7297.jpg,cleaned_Untitled 7297.jpg,97.24682838,28.25204915,0.97021954
Untitled 7300.jpg,cleaned_Untitled 7300.jpg,102.2721507,28.03322972,0.968987467
Untitled 7304.jpg,cleaned_Untitled 7304.jpg,97.63117364,28.23491851,0.970125824
Untitled 7305.jpg,cleaned_Untitled 7305.jpg,96.77963526,28.2729638,0.970090331
Untitled 7306.jpg,cleaned_Untitled 7306.jpg,103.4721298,27.98256973,0.968875453
Untitled 7308.jpg,cleaned_Untitled 7308.jpg,101.910653,28.04860777,0.969121642
Untitled 7310.jpg,cleaned_Untitled 7310.jpg,101.8489961,28.05123608,0.969298089
Untitled 7314.jpg,cleaned_Untitled 7314.jpg,104.4612534,27.94125128,0.968510777
Untitled 7315.jpg,cleaned_Untitled 7315.jpg,96.1043017,28.30337533,0.970295199
Untitled 7317.jpg,cleaned_Untitled 7317.jpg,96.09684687,28.30371223,0.970361255
Untitled 7318.jpg,cleaned_Untitled 7318.jpg,96.79542985,28.27225508,0.970248008
Untitled 7319.jpg,cleaned_Untitled 7319.jpg,100.3605083,28.11517509,0.969288815
Untitled 7321.jpg,cleaned_Untitled 7321.jpg,99.81786346,28.13872091,0.969162624
Untitled 7322.jpg,cleaned_Untitled 7322.jpg,99.87583912,28.1361992,0.969176742
Untitled 7323.jpg,cleaned_Untitled 7323.jpg,101.1090848,28.08290181,0.969124895
Untitled 7325.jpg,cleaned_Untitled 7325.jpg,101.8510939,28.05114663,0.969139495
Untitled 7331.jpg,cleaned_Untitled 7331.jpg,83.13442403,28.93299469,0.9588896
Untitled 7332.jpg,cleaned_Untitled 7332.jpg,100.438151,28.11181652,0.969422158
Untitled 7333.jpg,cleaned_Untitled 7333.jpg,103.2308288,27.99270947,0.969312707
Untitled 7335.jpg,cleaned_Untitled 7335.jpg,104.4194348,27.94299023,0.968714752
Untitled 7336.jpg,cleaned_Untitled 7336.jpg,105.5465479,27.89636328,0.968736685
Untitled 7337.jpg,cleaned_Untitled 7337.jpg,103.5959049,27.97737773,0.968803731
Untitled 7338.jpg,cleaned_Untitled 7338.jpg,96.6323407,28.27957861,0.970715851
Untitled 7339.jpg,cleaned_Untitled 7339.jpg,96.62054961,28.28010857,0.970198851
Untitled 7340.jpg,cleaned_Untitled 7340.jpg,96.29195521,28.29490356,0.970384259
Untitled 7341.jpg,cleaned_Untitled 7341.jpg,97.25633279,28.25162471,0.970220468
Untitled 7342.jpg,cleaned_Untitled 7342.jpg,97.55033597,28.23851591,0.970266801
Untitled 7343.jpg,cleaned_Untitled 7343.jpg,102.890416,28.00705438,0.968996379
Untitled 7344.jpg,cleaned_Untitled 7344.jpg,102.4846555,28.02421515,0.969085699
Untitled 7348.jpg,cleaned_Untitled 7348.jpg,97.72677228,28.23066806,0.970235141
Untitled 7349.jpg,cleaned_Untitled 7349.jpg,98.54779691,28.19433441,0.970089455
Untitled 7350.jpg,cleaned_Untitled 7350.jpg,98.44014837,28.19908101,0.969889496
Untitled 7352.jpg,cleaned_Untitled 7352.jpg,103.4009878,27.98555673,0.968862632
Untitled 7353.jpg,cleaned_Untitled 7353.jpg,102.9155358,28.00599422,0.96910331
Untitled 7355.jpg,cleaned_Untitled 7355.jpg,98.6778895,28.18860509,0.970163446
Untitled 7356.jpg,cleaned_Untitled 7356.jpg,98.90504196,28.17861929,0.970090706
Untitled 7357.jpg,cleaned_Untitled 7357.jpg,97.38956726,28.24567925,0.970122474
Untitled 7358.jpg,cleaned_Untitled 7358.jpg,96.74807099,28.27438046,0.970347148
Untitled 7359.jpg,cleaned_Untitled 7359.jpg,96.82711789,28.27083356,0.970545849
Untitled 7360.jpg,cleaned_Untitled 7360.jpg,95.86224601,28.31432761,0.970430489
Untitled 7361.jpg,cleaned_Untitled 7361.jpg,114.1466387,27.55617234,0.965215279
Untitled 7362.jpg,cleaned_Untitled 7362.jpg,79.08305363,29.14996931,0.961098291
Untitled 7364.jpg,cleaned_Untitled 7364.jpg,98.19600614,28.20986536,0.9706354
Untitled 7366.jpg,cleaned_Untitled 7366.jpg,102.0491794,28.04270844,0.969118502
Untitled 7368.jpg,cleaned_Untitled 7368.jpg,100.6912286,28.10088721,0.969287987
Untitled 7370.jpg,cleaned_Untitled 7370.jpg,103.5202619,27.98054999,0.96877639
Untitled 7371.jpg,cleaned_Untitled 7371.jpg,97.71763278,28.23107423,0.970308807
Untitled 7372.jpg,cleaned_Untitled 7372.jpg,98.54959732,28.19425507,0.97029947
Untitled 7378.jpg,cleaned_Untitled 7378.jpg,116.0474786,27.48444652,0.964598618
Untitled 7379.jpg,cleaned_Untitled 7379.jpg,108.6457747,27.7706752,0.966096722
Untitled 7380.jpg,cleaned_Untitled 7380.jpg,112.8288628,27.6066015,0.964686681
Untitled 7381.jpg,cleaned_Untitled 7381.jpg,113.4173185,27.58400986,0.964639468
Untitled 7383.jpg,cleaned_Untitled 7383.jpg,97.34765464,28.24754868,0.970375603
Untitled 7386.jpg,cleaned_Untitled 7386.jpg,78.86106851,29.16217704,0.959880373
Untitled 7397.jpg,cleaned_Untitled 7397.jpg,104.3670565,27.94516926,0.968687383
Untitled 7398.jpg,cleaned_Untitled 7398.jpg,104.7658983,27.9286042,0.968715247
Untitled 7401.jpg,cleaned_Untitled 7401.jpg,96.99350244,28.26337719,0.970299202
Untitled 7404.jpg,cleaned_Untitled 7404.jpg,95.79564606,28.3173459,0.970338206
Untitled 7406.jpg,cleaned_Untitled 7406.jpg,100.5438609,28.10724803,0.969349144
Untitled 7411.jpg,cleaned_Untitled 7411.jpg,96.24942451,28.29682219,0.970694762
Untitled 7415.jpg,cleaned_Untitled 7415.jpg,101.5455528,28.06419453,0.969128655
Untitled 7417.jpg,cleaned_Untitled 7417.jpg,96.29287953,28.29486187,0.970432627
Untitled 7418.jpg,cleaned_Untitled 7418.jpg,99.655693,28.14578247,0.969264057
Untitled 7419.jpg,cleaned_Untitled 7419.jpg,101.2028847,28.07887469,0.969156882
Untitled 7420.jpg,cleaned_Untitled 7420.jpg,101.628899,28.0606314,0.969050119
Untitled 7421.jpg,cleaned_Untitled 7421.jpg,102.4714611,28.02477432,0.968895068
Untitled 7422.jpg,cleaned_Untitled 7422.jpg,101.5671746,28.06326989,0.969104017
Untitled 7423.jpg,cleaned_Untitled 7423.jpg,97.98211725,28.21933541,0.970251117
Untitled 7426.jpg,cleaned_Untitled 7426.jpg,96.26366223,28.29617981,0.970116467
Untitled 7427.jpg,cleaned_Untitled 7427.jpg,96.26015866,28.29633788,0.970183461
Untitled 7428.jpg,cleaned_Untitled 7428.jpg,97.61656941,28.2355682,0.970057367
Untitled 7429.jpg,cleaned_Untitled 7429.jpg,97.81020448,28.22696194,0.970404822
,,,,
AVERAGE,,83.62651161,29.55629114,0.975680222
StdDev,,50.09912352,3.073365895,0.014436261
